# t M_exit T_exit p_exit rho_exit u_exit E_exit thrust
   0.0000000000000000        0.0000000000000000        0.0000000000000000        0.0000000000000000        0.0000000000000000        0.0000000000000000        0.0000000000000000        0.0000000000000000     
   5.51631733730096E-004    0.00000000000000E+000    0.00000000000000E+000    0.00000000000000E+000    0.00000000000000E+000    0.00000000000000E+000    0.00000000000000E+000    0.00000000000000E+000
   9.06609184687441E-004    0.00000000000000E+000    0.00000000000000E+000    0.00000000000000E+000    0.00000000000000E+000    0.00000000000000E+000    0.00000000000000E+000    0.00000000000000E+000
   1.23252251814648E-003    0.00000000000000E+000    0.00000000000000E+000    0.00000000000000E+000    0.00000000000000E+000    0.00000000000000E+000    0.00000000000000E+000    0.00000000000000E+000
   1.55618549203580E-003    0.00000000000000E+000    0.00000000000000E+000    0.00000000000000E+000    0.00000000000000E+000    0.00000000000000E+000    0.00000000000000E+000    0.00000000000000E+000
   1.88046814065944E-003    0.00000000000000E+000    0.00000000000000E+000    0.00000000000000E+000    0.00000000000000E+000    0.00000000000000E+000    0.00000000000000E+000    0.00000000000000E+000
   2.20440478860760E-003    0.00000000000000E+000    0.00000000000000E+000    0.00000000000000E+000    0.00000000000000E+000    0.00000000000000E+000    0.00000000000000E+000    0.00000000000000E+000
   2.52844898652979E-003    0.00000000000000E+000    0.00000000000000E+000    0.00000000000000E+000    0.00000000000000E+000    0.00000000000000E+000    0.00000000000000E+000    0.00000000000000E+000
   2.85231064025289E-003    0.00000000000000E+000    0.00000000000000E+000    0.00000000000000E+000    0.00000000000000E+000    0.00000000000000E+000    0.00000000000000E+000    0.00000000000000E+000
   3.17618047800329E-003    0.00000000000000E+000    0.00000000000000E+000    0.00000000000000E+000    0.00000000000000E+000    0.00000000000000E+000    0.00000000000000E+000    0.00000000000000E+000
   3.49996491962562E-003    0.00000000000000E+000    0.00000000000000E+000    0.00000000000000E+000    0.00000000000000E+000    0.00000000000000E+000    0.00000000000000E+000    0.00000000000000E+000
   3.82374062847736E-003    3.67988686207896E+000    1.94658980957766E+002    1.17398313786797E+003    1.76023625796222E-002    1.04968702781225E+003    1.50338057219930E+004    0.00000000000000E+000
   4.14748303452343E-003    3.67988686207896E+000    2.03219502232055E+002    1.21889324820138E+003    1.75058755613653E-002    1.07251975187101E+003    1.56089160893633E+004    0.00000000000000E+000
   4.47122472513821E-003    3.67988686207896E+000    2.11777925326158E+002    1.26380401696904E+003    1.74173705276440E-002    1.09487099854853E+003    1.61840348885179E+004    0.00000000000000E+000
   4.79496178840879E-003    3.67988686207896E+000    2.20334438545948E+002    1.30871102280783E+003    1.73358414360553E-002    1.11677015458274E+003    1.67591055003180E+004    0.00000000000000E+000
   5.11869933066791E-003    3.67988686207896E+000    2.28889399612987E+002    1.35361276347562E+003    1.72604577735917E-002    1.13824420363295E+003    1.73341086873355E+004    0.00000000000000E+000
   5.44243568900587E-003    3.67988686207896E+000    2.37443255574392E+002    1.39850900555255E+003    1.71905185757235E-002    1.15931786009223E+003    1.79090414604397E+004    0.00000000000000E+000
   5.76617192132528E-003    3.67988686207896E+000    2.45996096564845E+002    1.44340255915662E+003    1.71254820158152E-002    1.18001279198036E+003    1.84839398054698E+004    0.00000000000000E+000
   6.08990861142770E-003    3.67988686207896E+000    2.54548459160564E+002    1.48829761233273E+003    1.70648651765498E-002    1.20034985310620E+003    1.90588573537354E+004    0.00000000000000E+000
   6.41364585496608E-003    3.67988686207896E+000    2.63100233145781E+002    1.53319649388990E+003    1.70082696830196E-002    1.22034667972287E+003    1.96338239275237E+004    0.00000000000000E+000
   6.73738369751049E-003    3.67988686207896E+000    2.71651891551412E+002    1.57809946345630E+003    1.69552886480916E-002    1.24002081165817E+003    2.02088428515841E+004    0.00000000000000E+000
   7.06112197989662E-003    3.67988686207896E+000    2.80203233656768E+002    1.62300626066264E+003    1.69056004702750E-002    1.25938692132398E+003    2.07839107916765E+004    0.00000000000000E+000
   7.38486092611268E-003    3.67988686207896E+000    2.88754537220246E+002    1.66791605042659E+003    1.68588877786275E-002    1.27845962145737E+003    2.13590170538951E+004    0.00000000000000E+000
   7.70860026689620E-003    3.67988686207896E+000    2.97305678515922E+002    1.71282592460700E+003    1.68148722546721E-002    1.29725158365497E+003    2.19341243971348E+004    0.00000000000000E+000
   8.03234015115585E-003    3.67988686207896E+000    3.05856910322180E+002    1.75773260243300E+003    1.67732824366313E-002    1.31577538022931E+003    2.25091908084652E+004    0.00000000000000E+000
   8.35608062167898E-003    3.67988686207896E+000    3.14408186431813E+002    1.80263540340498E+003    1.67339165805913E-002    1.33404208401143E+003    2.30842075735374E+004    0.00000000000000E+000
   8.67982179892019E-003    3.67988686207896E+000    3.22959625418151E+002    1.84753596280150E+003    1.66966066937984E-002    1.35206236341109E+003    2.36591956334186E+004    0.00000000000000E+000
   9.00356387886555E-003    3.67988686207896E+000    3.31511272869851E+002    1.89243767639939E+003    1.66612213336463E-002    1.36984603776635E+003    2.42341984737842E+004    0.00000000000000E+000
   9.32730705157696E-003    3.67988686207896E+000    3.40063041476284E+002    1.93734317176696E+003    1.66276421963919E-002    1.38740202738672E+003    2.48092497427760E+004    0.00000000000000E+000
   9.65105102100560E-003    3.67988686207896E+000    3.48615156161056E+002    1.98225644589864E+003    1.65957591493312E-002    1.40473932206037E+003    2.53844006251477E+004    0.00000000000000E+000
   9.97479603001876E-003    3.67988686207896E+000    3.57168734778052E+002    2.02723559998529E+003    1.65658733872979E-002    1.42186814673303E+003    2.59603951537456E+004    0.00000000000000E+000
   1.02985417945356E-002    3.67988686207896E+000    3.65723026700531E+002    2.07224834129000E+003    1.65376213613310E-002    1.43879447038903E+003    2.65368197938971E+004    0.00000000000000E+000
   1.06222883919499E-002    3.67988686207896E+000    3.74277297313986E+002    2.11726378710418E+003    1.65106827933309E-002    1.45552392928905E+003    2.71132790674845E+004    0.00000000000000E+000
   1.09460356100497E-002    3.67988686207896E+000    3.82831832391250E+002    2.16227709399666E+003    1.64849204009346E-002    1.47206378476218E+003    2.76897109504458E+004    0.00000000000000E+000
   1.12697832400755E-002    3.67988686207896E+000    3.91386399458746E+002    2.20728611614287E+003    1.64602508884350E-002    1.48841991560191E+003    2.82660879637578E+004    0.00000000000000E+000
   1.15935313792725E-002    3.67988686207896E+000    3.99941308154518E+002    2.25229175527009E+003    1.64365979882423E-002    1.50459889593760E+003    2.88424216547693E+004    0.00000000000000E+000
   1.19172798447672E-002    3.67988686207896E+000    4.08496328820798E+002    2.29729702562869E+003    1.64139286531360E-002    1.52060595288456E+003    2.94187506233998E+004    0.00000000000000E+000
   1.22410285452813E-002    3.67988686207896E+000    4.17051653104531E+002    2.34230529019799E+003    1.63921983759837E-002    1.53644681288614E+003    2.99951179353253E+004    0.00000000000000E+000
   1.25647773078808E-002    3.67988686207896E+000    4.25607050918101E+002    2.38731779807505E+003    1.63713679903882E-002    1.55212614497483E+003    3.05715395862464E+004    0.00000000000000E+000
   1.28885264094095E-002    3.67988686207896E+000    4.34162701033231E+002    2.43233442033545E+003    1.63513767088682E-002    1.56764911862393E+003    3.11480139251813E+004    0.00000000000000E+000
   1.32122755966540E-002    3.67988686207896E+000    4.42718374056694E+002    2.47735464252529E+003    1.63321809887864E-002    1.58301992343751E+003    3.17245343641310E+004    0.00000000000000E+000
   1.35360248630801E-002    3.67988686207896E+000    4.51274163323420E+002    2.52237688373169E+003    1.63137219852835E-002    1.59824311506675E+003    3.23010806582242E+004    0.00000000000000E+000
   1.38597741113816E-002    3.67988686207896E+000    4.59830029426329E+002    2.56739739389029E+003    1.62959361833159E-002    1.61332280298707E+003    3.28776047848471E+004    0.00000000000000E+000
   1.41835235078773E-002    3.67988686207896E+000    4.68386064923902E+002    2.61241333714268E+003    1.62787658121271E-002    1.62826313513978E+003    3.34540704285340E+004    0.00000000000000E+000
   1.45072729823990E-002    3.67988686207896E+000    4.76942281596980E+002    2.65742493218051E+003    1.62621787053241E-002    1.64306793328629E+003    3.40304803898089E+004    0.00000000000000E+000
   1.48310225227428E-002    3.67988686207896E+000    4.85498746341645E+002    2.70243721772186E+003    1.62461720964877E-002    1.65774094288293E+003    3.46068991935409E+004    0.00000000000000E+000
   1.51547721528457E-002    3.67988686207896E+000    4.94218415156451E+002    2.74673637730850E+003    1.62211486615572E-002    1.67256139806235E+003    3.51741858413566E+004    0.00000000000000E+000
   1.54785218876406E-002    3.67988686207896E+000    5.01922275595768E+002    2.74595664813743E+003    1.59676408253702E-002    1.68554690542618E+003    3.51642007772653E+004    0.00000000000000E+000
   1.58022716578562E-002    3.67988686207896E+000    5.09637577884614E+002    2.73363996556569E+003    1.56553730590121E-002    1.69845219999147E+003    3.50064756729173E+004    0.00000000000000E+000
   1.61260214976646E-002    3.67988686207896E+000    5.17375978134060E+002    2.72097730723375E+003    1.53497818691050E-002    1.71129837376243E+003    3.48443200685088E+004    0.00000000000000E+000
   1.64497715667921E-002    3.67988686207896E+000    5.25141021799725E+002    2.70826625499793E+003    1.50521647275149E-002    1.72409256832652E+003    3.46815447409326E+004    0.00000000000000E+000
   1.67735216868162E-002    3.67988686207896E+000    5.32907197236367E+002    2.69547139892785E+003    1.47627304863081E-002    1.73679436045948E+003    3.45176962373265E+004    0.00000000000000E+000
   1.70972718258293E-002    3.67988686207896E+000    5.40661040879080E+002    2.68280339865677E+003    1.44826261662482E-002    1.74938398138008E+003    3.43554722250571E+004    0.00000000000000E+000
   1.74210219964707E-002    3.67988686207896E+000    5.48414017467215E+002    2.67029441591904E+003    1.42113111961509E-002    1.76188225209302E+003    3.41952845612033E+004    0.00000000000000E+000
   1.77447723981210E-002    3.67988686207896E+000    5.56168157348776E+002    2.65771223426660E+003    1.39471471894780E-002    1.77429434166058E+003    3.40341595259109E+004    0.00000000000000E+000
   1.80685228434075E-002    3.67988686207896E+000    5.63924591786719E+002    2.64499105769393E+003    1.36894727986898E-002    1.78662383827906E+003    3.38712545479945E+004    0.00000000000000E+000
   1.83922733384915E-002    3.67988686207896E+000    5.71680311444160E+002    2.63221775566705E+003    1.34385412207189E-002    1.79886770559691E+003    3.37076820613835E+004    0.00000000000000E+000
   1.87160238676128E-002    3.67988686207896E+000    5.79434617050661E+002    2.61945219248546E+003    1.31943982343171E-002    1.81102658757765E+003    3.35442086769596E+004    0.00000000000000E+000
   1.90397745776287E-002    3.67988686207896E+000    5.87190001396547E+002    2.60664193370616E+003    1.29564574949417E-002    1.82310605441824E+003    3.33801629291764E+004    0.00000000000000E+000
   1.93635253530525E-002    3.67988686207896E+000    5.94945600135624E+002    2.59365382971034E+003    1.27238430362143E-002    1.83510634131802E+003    3.32138397292326E+004    0.00000000000000E+000
   1.96872762855404E-002    3.67988686207896E+000    6.02701035322693E+002    2.58051592804907E+003    1.24964931499498E-002    1.84702841246936E+003    3.30455982487554E+004    0.00000000000000E+000
   2.00110273551606E-002    3.67988686207896E+000    6.10455137184918E+002    2.56738476811697E+003    1.22749789590036E-002    1.85887199179334E+003    3.28774431015852E+004    0.00000000000000E+000
   2.03347785885699E-002    3.67988686207896E+000    6.18210190410562E+002    2.55418777953412E+003    1.20586922595434E-002    1.87064202677910E+003    3.27084449651807E+004    0.00000000000000E+000
   2.06585299186334E-002    3.67988686207896E+000    6.25964525445124E+002    2.54085739408603E+003    1.18471563000833E-002    1.88233738676141E+003    3.25377385737842E+004    0.00000000000000E+000
   2.09822814838570E-002    3.67988686207896E+000    6.33718245724042E+002    2.52751223970241E+003    1.16407404219568E-002    1.89395960968015E+003    3.23668430541962E+004    0.00000000000000E+000
   2.13060333348212E-002    3.67988686207896E+000    6.41470351770229E+002    2.51418811402290E+003    1.14394390674489E-002    1.90550854929516E+003    3.21962168242105E+004    0.00000000000000E+000
   2.16297853432785E-002    3.67988686207896E+000    6.49222457253344E+002    2.50080549127456E+003    1.12426820599795E-002    1.91698791247804E+003    3.20248414918403E+004    0.00000000000000E+000
   2.19535374837525E-002    3.67988686207896E+000    6.56967899910870E+002    2.48744617150843E+003    1.10507840002824E-002    1.92838916395124E+003    3.18537645730468E+004    0.00000000000000E+000
   2.22772898609998E-002    3.67988686207896E+000    6.64598488436390E+002    2.47508918944527E+003    1.08696373072020E-002    1.93955581544560E+003    3.16955234010440E+004    0.00000000000000E+000
   2.26010425367834E-002    3.67988686207896E+000    6.70710602047727E+002    2.46662408284880E+003    1.07337467631933E-002    1.94845416090807E+003    3.15871208491825E+004    0.00000000000000E+000
   2.29247953468745E-002    3.67988686207896E+000    6.74254559687195E+002    2.45988309410782E+003    1.06481491218481E-002    1.95359508262981E+003    3.15007970240464E+004    0.00000000000000E+000
   2.32485483006671E-002    3.67988686207896E+000    6.77615501724680E+002    2.45293393640738E+003    1.05654030180897E-002    1.95845805153628E+003    3.14118074266407E+004    0.00000000000000E+000
   2.35723014223714E-002    3.67988686207896E+000    6.81064682684287E+002    2.44594602602938E+003    1.04819493831038E-002    1.96343617104816E+003    3.13223215697856E+004    0.00000000000000E+000
   2.38960547306661E-002    3.67988686207896E+000    6.84583689522089E+002    2.44058305340943E+003    1.04052038404283E-002    1.96850209463903E+003    3.12536443581119E+004    0.00000000000000E+000
   2.42198081124954E-002    3.67988686207896E+000    6.88190669266566E+002    2.44111114766765E+003    1.03529072410155E-002    1.97368116854522E+003    3.12604070331666E+004    0.00000000000000E+000
   2.45435615310926E-002    3.67988686207896E+000    6.91910569452973E+002    2.44994307955925E+003    1.03345025897965E-002    1.97900818229839E+003    3.13735070802842E+004    0.00000000000000E+000
   2.48673139412410E-002    3.67988686207896E+000    6.95711717843254E+002    2.46281916846495E+003    1.03320561044235E-002    1.98443677436476E+003    3.15383958361985E+004    0.00000000000000E+000
   2.51910590835946E-002    3.67988686207896E+000    6.99566469435306E+002    2.47608465578925E+003    1.03304693235757E-002    1.98992679552015E+003    3.17082711545129E+004    0.00000000000000E+000
   2.55147583077807E-002    3.67988686207896E+000    7.03460557456758E+002    2.48907597375147E+003    1.03271848280752E-002    1.99545750407119E+003    3.18746355119017E+004    0.00000000000000E+000
   2.58383860612699E-002    3.67988686207896E+000    7.07382296494237E+002    2.50183238155163E+003    1.03225637016325E-002    2.00101203512188E+003    3.20379916542450E+004    0.00000000000000E+000
   2.61619996827640E-002    3.67988686207896E+000    7.11333673247605E+002    2.51436281302317E+003    1.03166364333358E-002    2.00659299297128E+003    3.21984539865216E+004    0.00000000000000E+000
   2.64856173197351E-002    3.67988686207896E+000    7.15290263727248E+002    2.52670293902380E+003    1.03099229772160E-002    2.01216580475536E+003    3.23564793029800E+004    0.00000000000000E+000
   2.68092347746004E-002    3.67988686207896E+000    7.19176962419253E+002    2.53891297259849E+003    1.03037567284573E-002    2.01762518780744E+003    3.25128386804701E+004    0.00000000000000E+000
   2.71328521593853E-002    3.67988686207896E+000    7.23012657475053E+002    2.55108034592302E+003    1.02982109895582E-002    2.02299848527103E+003    3.26686517588761E+004    0.00000000000000E+000
   2.74564696874722E-002    3.67988686207896E+000    7.26825553673533E+002    2.56340710821833E+003    1.02936866880432E-002    2.02832573672416E+003    3.28265059422551E+004    0.00000000000000E+000
   2.77800874573373E-002    3.67988686207896E+000    7.30610060020631E+002    2.57605681295043E+003    1.02908995217112E-002    2.03359952298808E+003    3.29884956653173E+004    0.00000000000000E+000
   2.81037053034857E-002    3.67988686207896E+000    7.34367360257456E+002    2.58891981423894E+003    1.02893699491330E-002    2.03882190216479E+003    3.31532168236847E+004    0.00000000000000E+000
   2.84273235481706E-002    3.67988686207896E+000    7.38090556827627E+002    2.60199021908066E+003    1.02891514456517E-002    2.04398371765763E+003    3.33205939526740E+004    0.00000000000000E+000
   2.87509418314929E-002    3.67988686207896E+000    7.41769867414517E+002    2.61529837639931E+003    1.02904793594148E-002    2.04907191582518E+003    3.34910156948547E+004    0.00000000000000E+000
   2.90745600758648E-002    3.67988686207896E+000    7.45383403159117E+002    2.62888616107112E+003    1.02937972660200E-002    2.05405688434263E+003    3.36650182919612E+004    0.00000000000000E+000
   2.93981787731748E-002    3.67988686207896E+000    7.48893548040747E+002    2.64275325362630E+003    1.02995933001340E-002    2.05888766593443E+003    3.38425976529238E+004    0.00000000000000E+000
   2.97217973631797E-002    3.67988686207896E+000    7.52248375953748E+002    2.65684471879935E+003    1.03083335472408E-002    2.06349412537342E+003    3.40230502871368E+004    0.00000000000000E+000
   3.00454158545875E-002    3.67988686207896E+000    7.55337843138351E+002    2.67107430468323E+003    1.03211543916970E-002    2.06772714561049E+003    3.42052716690138E+004    0.00000000000000E+000
   3.03690348849770E-002    3.67988686207896E+000    7.57985255986950E+002    2.68536827622907E+003    1.03401453816046E-002    2.07134760447513E+003    3.43883175614839E+004    0.00000000000000E+000
   3.06926539175717E-002    3.67988686207896E+000    7.60098568572035E+002    2.69975436168972E+003    1.03666368628238E-002    2.07423312107920E+003    3.45725430473015E+004    0.00000000000000E+000
   3.10162729217834E-002    3.67988686207896E+000    7.61775145376366E+002    2.71428810112548E+003    1.03995055975977E-002    2.07651946637721E+003    3.47586593619600E+004    0.00000000000000E+000
   3.13398923029818E-002    3.67988686207896E+000    7.63135785331847E+002    2.72899637009830E+003    1.04372163933205E-002    2.07837312021214E+003    3.49470106688160E+004    0.00000000000000E+000
   3.16635115746574E-002    3.67988686207896E+000    7.64284229531493E+002    2.74388733248002E+003    1.04783988470417E-002    2.07993640571444E+003    3.51377015128657E+004    0.00000000000000E+000
   3.19871309085631E-002    3.67988686207896E+000    7.65263264987491E+002    2.75895823518705E+003    1.05224727269355E-002    2.08126816142742E+003    3.53306966386425E+004    0.00000000000000E+000
   3.23107506294109E-002    3.67988686207896E+000    7.66140875021709E+002    2.77420268115950E+003    1.05684939386446E-002    2.08246122695975E+003    3.55259141266086E+004    0.00000000000000E+000
   3.26343701652490E-002    3.67988686207896E+000    7.66992858350542E+002    2.78962422236514E+003    1.06154383904004E-002    2.08361880079920E+003    3.57233994625908E+004    0.00000000000000E+000
   3.29579898176580E-002    3.67988686207896E+000    7.67838441404467E+002    2.80522988062731E+003    1.06630673944182E-002    2.08476704318255E+003    3.59232425667289E+004    0.00000000000000E+000
   3.32816028485185E-002    3.67988686207896E+000    7.68685089358743E+002    2.82102496674109E+003    1.07112960213146E-002    2.08591609835387E+003    3.61255114480588E+004    0.00000000000000E+000
   3.36116997563632E-002    3.67988686207896E+000    7.69591086663970E+002    2.83739837372163E+003    1.07607820510354E-002    2.08714500071129E+003    3.63351861968798E+004    0.00000000000000E+000
   3.39838256582912E-002    3.67988686207896E+000    7.70550179680433E+002    2.86064064027756E+003    1.08354244182406E-002    2.08844513460621E+003    3.66328222605247E+004    0.00000000000000E+000
   3.43343305026384E-002    3.67988686207896E+000    7.71110271785828E+002    2.88522565438707E+003    1.09206086922244E-002    2.08920401389839E+003    3.69476532950370E+004    0.00000000000000E+000
   3.46832173164928E-002    3.67988686207896E+000    7.71751411512702E+002    2.91013855779001E+003    1.10057535520116E-002    2.09007236790013E+003    3.72666832177416E+004    0.00000000000000E+000
   3.50308365750854E-002    3.67988686207896E+000    7.72440608849770E+002    2.93529910441441E+003    1.10910027626810E-002    2.09100540853727E+003    3.75888844126390E+004    0.00000000000000E+000
   3.53776714649301E-002    3.67988686207896E+000    7.73141417111157E+002    2.96055089497843E+003    1.11762765954813E-002    2.09195374140824E+003    3.79122540601463E+004    0.00000000000000E+000
   3.57246379274711E-002    3.67988686207896E+000    7.73847520465050E+002    2.98592898582273E+003    1.12617952768377E-002    2.09290880500363E+003    3.82372410851228E+004    0.00000000000000E+000
   3.60721470229195E-002    3.67988686207896E+000    7.74560550805841E+002    3.01150989672042E+003    1.13478208134480E-002    2.09387279586797E+003    3.85648253852907E+004    0.00000000000000E+000
   3.64209898304888E-002    3.67988686207896E+000    7.75280180886545E+002    3.03734463312570E+003    1.14345463452276E-002    2.09484525955830E+003    3.88956601268367E+004    0.00000000000000E+000
   3.67710237195935E-002    3.67988686207896E+000    7.76019802985262E+002    3.06347387968264E+003    1.15219218874889E-002    2.09584426903183E+003    3.92302663096074E+004    0.00000000000000E+000
   3.71216683733799E-002    3.67988686207896E+000    7.76784412719226E+002    3.08995195631757E+003    1.16100682714822E-002    2.09687652902182E+003    3.95693395442915E+004    0.00000000000000E+000
   3.74729212296358E-002    3.67988686207896E+000    7.77565714713464E+002    3.11682843108447E+003    1.16992855926069E-002    2.09793079970400E+003    3.99135145900008E+004    0.00000000000000E+000
   3.78249102354070E-002    3.67988686207896E+000    7.78349232346768E+002    3.14416373356631E+003    1.17900107610731E-002    2.09898752832861E+003    4.02635652965299E+004    0.00000000000000E+000
   3.81777971058097E-002    3.67988686207896E+000    7.79140380823472E+002    3.17184839381915E+003    1.18817457951523E-002    2.10005400912636E+003    4.06180898125092E+004    0.00000000000000E+000
   3.85312772763367E-002    3.67988686207896E+000    7.79938089735334E+002    3.19985643868758E+003    1.19744041672951E-002    2.10112878542472E+003    4.09767555306298E+004    0.00000000000000E+000
   3.88846363145728E-002    3.67988686207896E+000    7.80735409274086E+002    3.22809523531699E+003    1.20677418422668E-002    2.10220248801946E+003    4.13383762120993E+004    0.00000000000000E+000
   3.92377215792131E-002    3.67988686207896E+000    7.81532697350878E+002    3.25655603904317E+003    1.21617186536508E-002    2.10327560016360E+003    4.17028398744038E+004    0.00000000000000E+000
   3.95904537710782E-002    3.67988686207896E+000    7.82327553389971E+002    3.28525618201232E+003    1.22564349290510E-002    2.10434489416686E+003    4.20703684697252E+004    0.00000000000000E+000
   3.99430273621778E-002    3.67988686207896E+000    7.83118817016061E+002    3.31422930939688E+003    1.23520329960598E-002    2.10540881601733E+003    4.24413928517696E+004    0.00000000000000E+000
   4.02958404596456E-002    3.67988686207896E+000    7.83909774124040E+002    3.34351417713261E+003    1.24486036151225E-002    2.10647178868205E+003    4.28164093217104E+004    0.00000000000000E+000
   4.06491204903887E-002    3.67988686207896E+000    7.84703134504166E+002    3.37312804193740E+003    1.25461648187043E-002    2.10753745254625E+003    4.31956388658085E+004    0.00000000000000E+000
   4.10028580638342E-002    3.67988686207896E+000    7.85499578460494E+002    3.40303724222504E+003    1.26445766830422E-002    2.10860671663897E+003    4.35786504201663E+004    0.00000000000000E+000
   4.13569861470387E-002    3.67988686207896E+000    7.86299656129599E+002    3.43320019650762E+003    1.27436722031264E-002    2.10968031350778E+003    4.39649115001244E+004    0.00000000000000E+000
   4.17114926170811E-002    3.67988686207896E+000    7.87104006969518E+002    3.46357131679269E+003    1.28432684426524E-002    2.11075909395162E+003    4.43538383144859E+004    0.00000000000000E+000
   4.20663863158091E-002    3.67988686207896E+000    7.87439416910902E+002    3.48289110478311E+003    1.29094070393856E-002    2.11120877669475E+003    4.46012438605021E+004    0.00000000000000E+000
   4.24217176399493E-002    3.67988686207896E+000    7.87487264010090E+002    3.49545812846745E+003    1.29551997739774E-002    2.11127291729982E+003    4.47621747857258E+004    0.00000000000000E+000
   4.27777744238342E-002    3.67988686207896E+000    7.87552069141136E+002    3.50847940539233E+003    1.30023904574699E-002    2.11135978759573E+003    4.49289227919165E+004    0.00000000000000E+000
   4.31347481619062E-002    3.67988686207896E+000    7.87636510549284E+002    3.52200822538683E+003    1.30511287891436E-002    2.11147297466098E+003    4.51021702985327E+004    0.00000000000000E+000
   4.34927468438079E-002    3.67988686207896E+000    7.87741118543805E+002    3.53605632414605E+003    1.31014452885818E-002    2.11161318503536E+003    4.52820675906633E+004    0.00000000000000E+000
   4.38518555000375E-002    3.67988686207896E+000    7.87863952781787E+002    3.55057080094447E+003    1.31531718853209E-002    2.11177781290600E+003    4.54679372316363E+004    0.00000000000000E+000
   4.42118082415355E-002    3.67988686207896E+000    7.88001614979121E+002    3.56547912181312E+003    1.32060926265098E-002    2.11196229861269E+003    4.56588503651821E+004    0.00000000000000E+000
   4.45720592581715E-002    3.67988686207896E+000    7.88154948845120E+002    3.58079527597345E+003    1.32602415089396E-002    2.11216776747597E+003    4.58549861346215E+004    0.00000000000000E+000
   4.49325976988510E-002    3.67988686207896E+000    7.88323882223792E+002    3.59653309316242E+003    1.33156670080522E-002    2.11239411669820E+003    4.60565216409464E+004    0.00000000000000E+000
   4.52934592969637E-002    3.67988686207896E+000    7.88498525804940E+002    3.61244847088243E+003    1.33716291737247E-002    2.11262809137010E+003    4.62603309538036E+004    0.00000000000000E+000
   4.56547834188588E-002    3.67988686207896E+000    7.88662837292352E+002    3.62815506376247E+003    1.34269698016102E-002    2.11284820020380E+003    4.64614666075421E+004    0.00000000000000E+000
   4.60165404669751E-002    3.67988686207896E+000    7.88829470284697E+002    3.64401724490240E+003    1.34828233715681E-002    2.11307139546954E+003    4.66645946950696E+004    0.00000000000000E+000
   4.63787161620977E-002    3.67988686207896E+000    7.89000128921840E+002    3.66008123025466E+003    1.35393307841833E-002    2.11329995842012E+003    4.68703070491204E+004    0.00000000000000E+000
   4.67413165001254E-002    3.67988686207896E+000    7.89173921370087E+002    3.67632851941009E+003    1.35964376942898E-002    2.11353269307855E+003    4.70783667569587E+004    0.00000000000000E+000
   4.71043402741231E-002    3.67988686207896E+000    7.89350653027718E+002    3.69276440166051E+003    1.36541659493576E-002    2.11376933750893E+003    4.72888415522535E+004    0.00000000000000E+000
   4.74677870993666E-002    3.67988686207896E+000    7.89528284295061E+002    3.70933841581733E+003    1.37123633705632E-002    2.11400715982763E+003    4.75010852385808E+004    0.00000000000000E+000
   4.78316536640071E-002    3.67988686207896E+000    7.89705221178121E+002    3.72600601789051E+003    1.37708926092946E-002    2.11424402587225E+003    4.77145273940403E+004    0.00000000000000E+000
   4.81959368586160E-002    3.67988686207896E+000    7.89881181208666E+002    3.74276208311562E+003    1.38297396062378E-002    2.11447955788625E+003    4.79291023918694E+004    0.00000000000000E+000
   4.85606349225683E-002    3.67988686207896E+000    7.90056204927355E+002    3.75961593991813E+003    1.38889381161509E-002    2.11471381057220E+003    4.81449296901178E+004    0.00000000000000E+000
   4.89257463649937E-002    3.67988686207896E+000    7.90240954083100E+002    3.77664658585944E+003    1.39485916941355E-002    2.11496105168698E+003    4.83630209165954E+004    0.00000000000000E+000
   4.92912698030597E-002    3.67988686207896E+000    7.90446167948633E+002    3.79395554537450E+003    1.40088823632025E-002    2.11523564588334E+003    4.85846761739885E+004    0.00000000000000E+000
   4.96572021764122E-002    3.67988686207896E+000    7.90657492212872E+002    3.81163445575274E+003    1.40703986548467E-002    2.11551837908041E+003    4.88110689520703E+004    0.00000000000000E+000
   5.00235431481950E-002    3.67988686207896E+000    7.90875784679198E+002    3.82970506005449E+003    1.41332030725273E-002    2.11581039544577E+003    4.90424776883532E+004    0.00000000000000E+000
   5.03902914038876E-002    3.67988686207896E+000    7.91097964375362E+002    3.84807681033798E+003    1.41970141167537E-002    2.11610757049468E+003    4.92777428430440E+004    0.00000000000000E+000
   5.07574456954140E-002    3.67988686207896E+000    7.91319522362539E+002    3.86664113835036E+003    1.42615108258732E-002    2.11640387242779E+003    4.95154741116586E+004    0.00000000000000E+000
   5.11250048704781E-002    3.67988686207896E+000    7.91538483750689E+002    3.88534051203539E+003    1.43265163817830E-002    2.11669666103227E+003    4.97549347495806E+004    0.00000000000000E+000
   5.14929679097049E-002    3.67988686207896E+000    7.91754588972522E+002    3.90415056558227E+003    1.43919458999771E-002    2.11698559075167E+003    4.99958127328520E+004    0.00000000000000E+000
   5.18613340888543E-002    3.67988686207896E+000    7.91969067500581E+002    3.92307930612866E+003    1.44578068055163E-002    2.11727230661959E+003    5.02382105993607E+004    0.00000000000000E+000
   5.22301011866113E-002    3.67988686207896E+000    7.92181726166075E+002    3.94212485397980E+003    1.45240957699333E-002    2.11755655135853E+003    5.04821042780919E+004    0.00000000000000E+000
   5.25992849060090E-002    3.67988686207896E+000    7.92392068117329E+002    3.96128482055098E+003    1.45908132561574E-002    2.11783766199229E+003    5.07274631812820E+004    0.00000000000000E+000
   5.29703662769029E-002    3.67988686207896E+000    7.92605613340321E+002    3.98071634142360E+003    1.46584360548305E-002    2.11812301546067E+003    5.09762995574265E+004    0.00000000000000E+000
   5.33428087436692E-002    3.67988686207896E+000    7.92807876278454E+002    4.00081309538982E+003    1.47286809918725E-002    2.11839325733696E+003    5.12336547825786E+004    0.00000000000000E+000
   5.37142663316156E-002    3.67988686207896E+000    7.92992967364927E+002    4.02097185900811E+003    1.47994387886644E-002    2.11864052583608E+003    5.14918040915912E+004    0.00000000000000E+000
   5.40860469507400E-002    3.67988686207896E+000    7.93171723241935E+002    4.04104084132262E+003    1.48699519617703E-002    2.11887930355580E+003    5.17488036782312E+004    0.00000000000000E+000
   5.44581786162703E-002    3.67988686207896E+000    7.93341860440045E+002    4.06096809192130E+003    1.49400742454468E-002    2.11910654366492E+003    5.20039882753611E+004    0.00000000000000E+000
   5.48305870473311E-002    3.67988686207896E+000    7.93503230810352E+002    4.08076967363852E+003    1.50098700606567E-002    2.11932205203356E+003    5.22575635805954E+004    0.00000000000000E+000
   5.52032113299171E-002    3.67988686207896E+000    7.93656074071834E+002    4.10045813874036E+003    1.50793835256375E-002    2.11952615233527E+003    5.25096903358763E+004    0.00000000000000E+000
   5.55760227294303E-002    3.67988686207896E+000    7.93800537298536E+002    4.12003059542508E+003    1.51486036043143E-002    2.11971904423441E+003    5.27603315093387E+004    0.00000000000000E+000
   5.59490323865557E-002    3.67988686207896E+000    7.93936810376165E+002    4.13948565694123E+003    1.52175239111698E-002    2.11990098429873E+003    5.30094693425059E+004    0.00000000000000E+000
   5.63222552073120E-002    3.67988686207896E+000    7.94065145734382E+002    4.15883343598703E+003    1.52861790438812E-002    2.12007231232848E+003    5.32572333366761E+004    0.00000000000000E+000
   5.66955276289061E-002    3.67988686207896E+000    7.94185315875820E+002    4.17807372247074E+003    1.53545748158610E-002    2.12023272722190E+003    5.35036208014542E+004    0.00000000000000E+000
   5.70686523792106E-002    3.67988686207896E+000    7.94292126032773E+002    4.19718377441468E+003    1.54227307541770E-002    2.12037529771025E+003    5.37483405073812E+004    0.00000000000000E+000
   5.74394986936728E-002    3.67988686207896E+000    7.94382643083698E+002    4.21605240661278E+003    1.54902990826525E-002    2.12049611261245E+003    5.39899686377659E+004    0.00000000000000E+000
   5.78097162767017E-002    3.67988686207896E+000    7.94465447882023E+002    4.23476175099885E+003    1.55574178598221E-002    2.12060662778987E+003    5.42295569585971E+004    0.00000000000000E+000
   5.81802434656883E-002    3.67988686207896E+000    7.94541939922496E+002    4.25335546170242E+003    1.56242220191955E-002    2.12070871254648E+003    5.44676644963902E+004    0.00000000000000E+000
   5.85511786797282E-002    3.67988686207896E+000    7.94612181914155E+002    4.27183624014963E+003    1.56907219280292E-002    2.12080245178419E+003    5.47043258450967E+004    0.00000000000000E+000
   5.89225380972269E-002    3.67988686207896E+000    7.94676216188536E+002    4.29020217184874E+003    1.57569113652123E-002    2.12088790309827E+003    5.49395164880980E+004    0.00000000000000E+000
   5.92943136723998E-002    3.67988686207896E+000    7.94733988102035E+002    4.30844915896383E+003    1.58227779954495E-002    2.12096499457475E+003    5.51731839492834E+004    0.00000000000000E+000
   5.96664770236538E-002    3.67988686207896E+000    7.94785373458007E+002    4.32657128041681E+003    1.58883041851127E-002    2.12103356140418E+003    5.54052524044480E+004    0.00000000000000E+000
   6.00390125661567E-002    3.67988686207896E+000    7.94830284656364E+002    4.34456049115250E+003    1.59534637961506E-002    2.12109348752796E+003    5.56356188301392E+004    0.00000000000000E+000
   6.04119113664662E-002    3.67988686207896E+000    7.94868650115306E+002    4.36240876077881E+003    1.60182304387698E-002    2.12114467816873E+003    5.58641803906767E+004    0.00000000000000E+000
   6.07851505675396E-002    3.67988686207896E+000    7.94900003643898E+002    4.38010157804704E+003    1.60825619205246E-002    2.12118651194497E+003    5.60907512577576E+004    0.00000000000000E+000
   6.11586628218094E-002    3.67988686207896E+000    7.94912270236537E+002    4.39728530374670E+003    1.61454068172742E-002    2.12120287855105E+003    5.63108027946289E+004    0.00000000000000E+000
   6.15324302675909E-002    3.67988686207896E+000    7.94859065661371E+002    4.41257483888997E+003    1.62026295005223E-002    2.12113188984531E+003    5.65065976859772E+004    0.00000000000000E+000
   6.19064843620032E-002    3.67988686207896E+000    7.94798841508525E+002    4.42770117703875E+003    1.62594041581120E-002    2.12105153233513E+003    5.67003027075219E+004    0.00000000000000E+000
   6.22808159457736E-002    3.67988686207896E+000    7.94739791274012E+002    4.44291035689730E+003    1.63164675534255E-002    2.12097273823636E+003    5.68950685843126E+004    0.00000000000000E+000
   6.26554149119827E-002    3.67988686207896E+000    7.94682051062177E+002    4.45820370207501E+003    1.63738215548891E-002    2.12089568934501E+003    5.70909122662402E+004    0.00000000000000E+000
   6.30302730547985E-002    3.67988686207896E+000    7.94625388030240E+002    4.47357132552369E+003    1.64314344418290E-002    2.12082007512778E+003    5.72877071416384E+004    0.00000000000000E+000
   6.34053757599811E-002    3.67988686207896E+000    7.94569342533131E+002    4.48900475883470E+003    1.64892844674330E-002    2.12074528233037E+003    5.74853447656696E+004    0.00000000000000E+000
   6.37807078432765E-002    3.67988686207896E+000    7.94513692077915E+002    4.50450230402388E+003    1.65473699432880E-002    2.12067101410694E+003    5.76838033942706E+004    0.00000000000000E+000
   6.41562590468362E-002    3.67988686207896E+000    7.94458206056986E+002    4.52005917781395E+003    1.66056780796809E-002    2.12059696273949E+003    5.78830217736982E+004    0.00000000000000E+000
   6.45320221580006E-002    3.67988686207896E+000    7.94401608364667E+002    4.53564061543245E+003    1.66641079289696E-002    2.12052142507672E+003    5.80825547128607E+004    0.00000000000000E+000
   6.49080149681780E-002    3.67988686207896E+000    7.94342832600792E+002    4.55121936090420E+003    1.67225820656993E-002    2.12044297761973E+003    5.82820531769017E+004    0.00000000000000E+000
   6.52845068278054E-002    3.67988686207896E+000    7.94283730838644E+002    4.56683969379733E+003    1.67812245602456E-002    2.12036409212939E+003    5.84820842015845E+004    0.00000000000000E+000
   6.56611703482573E-002    3.67988686207896E+000    7.94224252115061E+002    4.58248609004616E+003    1.68399795542667E-002    2.12028470053043E+003    5.86824489886644E+004    0.00000000000000E+000
   6.60379396158463E-002    3.67988686207896E+000    7.94162851484336E+002    4.59815185964423E+003    1.68988554446097E-002    2.12020274047077E+003    5.88830618671855E+004    0.00000000000000E+000
   6.64148126367312E-002    3.67988686207896E+000    7.94099354119561E+002    4.61383247109763E+003    1.69578397649868E-002    2.12011797827263E+003    5.90838648076949E+004    0.00000000000000E+000
   6.67917738302937E-002    3.67988686207896E+000    7.94033354027202E+002    4.62951842812708E+003    1.70169068036691E-002    2.12002987160862E+003    5.92847362026389E+004    0.00000000000000E+000
   6.71688057647822E-002    3.67988686207896E+000    7.93964633121209E+002    4.64520273140880E+003    1.70760361003824E-002    2.11993812890968E+003    5.94855864200028E+004    0.00000000000000E+000
   6.75458980171992E-002    3.67988686207896E+000    7.93893171005181E+002    4.66088284422687E+003    1.71352193935107E-002    2.11984272247262E+003    5.96863829750827E+004    0.00000000000000E+000
   6.79230550100888E-002    3.67988686207896E+000    7.93819097818371E+002    4.67656112899511E+003    1.71944631778427E-002    2.11974382555890E+003    5.98871561205027E+004    0.00000000000000E+000
   6.83002893271775E-002    3.67988686207896E+000    7.93742710938912E+002    4.69224569762398E+003    1.72537914189896E-002    2.11964183474512E+003    6.00880097358518E+004    0.00000000000000E+000
   6.86775931843430E-002    3.67988686207896E+000    7.93664098616286E+002    4.70794055432197E+003    1.73132174603788E-002    2.11953686742294E+003    6.02889950982656E+004    0.00000000000000E+000
   6.90549538618584E-002    3.67988686207896E+000    7.93583383525705E+002    4.72365031852838E+003    1.73727561349593E-002    2.11942908696493E+003    6.04901713634089E+004    0.00000000000000E+000
   6.94323632720612E-002    3.67988686207896E+000    7.93500094248447E+002    4.73936562177189E+003    1.74323838478249E-002    2.11931786339819E+003    6.06914185604123E+004    0.00000000000000E+000
   6.98098174801548E-002    3.67988686207896E+000    7.93413600175552E+002    4.75506712800214E+003    1.74920439803842E-002    2.11920235400464E+003    6.08924890754768E+004    0.00000000000000E+000
   7.01873064168987E-002    3.67988686207896E+000    7.93323451354301E+002    4.77074059555630E+003    1.75516948256687E-002    2.11908195713904E+003    6.10932005325657E+004    0.00000000000000E+000
   7.05648155445104E-002    3.67988686207896E+000    7.93229465527967E+002    4.78637964434357E+003    1.76113177761770E-002    2.11895642853680E+003    6.12934712294443E+004    0.00000000000000E+000
   7.09423330718091E-002    3.67988686207896E+000    7.93131819519021E+002    4.80198867692387E+003    1.76709259487929E-002    2.11882600347362E+003    6.14933575444613E+004    0.00000000000000E+000
   7.13198534256336E-002    3.67988686207896E+000    7.93030500469347E+002    4.81756574887326E+003    1.77305132946563E-002    2.11869066386911E+003    6.16928345776919E+004    0.00000000000000E+000
   7.16973803441494E-002    3.67988686207896E+000    7.92925176378459E+002    4.83309917286699E+003    1.77900450630158E-002    2.11854996525939E+003    6.18917526634688E+004    0.00000000000000E+000
   7.20749172799921E-002    3.67988686207896E+000    7.92816214489054E+002    4.84860683604722E+003    1.78495797152210E-002    2.11840439721284E+003    6.20903408611469E+004    0.00000000000000E+000
   7.24524689171813E-002    3.67988686207896E+000    7.92701531531094E+002    4.86408795019081E+003    1.79091622362230E-002    2.11825117527800E+003    6.22885890768899E+004    0.00000000000000E+000
   7.28300395615057E-002    3.67988686207896E+000    7.92581992470185E+002    4.87948886843777E+003    1.79685767742200E-002    2.11809145355863E+003    6.24858103191691E+004    0.00000000000000E+000
   7.32076319731520E-002    3.67988686207896E+000    7.92457660928517E+002    4.89479213431491E+003    1.80277586050515E-002    2.11792531560268E+003    6.26817810436947E+004    0.00000000000000E+000
   7.35852460405576E-002    3.67988686207896E+000    7.92328371889940E+002    4.90999163594250E+003    1.80866899459175E-002    2.11775253937069E+003    6.28764229828927E+004    0.00000000000000E+000
   7.39628818377580E-002    3.67988686207896E+000    7.92194207507701E+002    4.92509020803770E+003    1.81453803426770E-002    2.11757323303759E+003    6.30697724376140E+004    0.00000000000000E+000
   7.43405413537497E-002    3.67988686207896E+000    7.92055303712788E+002    4.94009153632557E+003    1.82038412141590E-002    2.11738757663539E+003    6.32618766065557E+004    0.00000000000000E+000
   7.47182257028823E-002    3.67988686207896E+000    7.91911739748557E+002    4.95499680845080E+003    1.82620760389687E-002    2.11719567442311E+003    6.34527506984707E+004    0.00000000000000E+000
   7.50959367982198E-002    3.67988686207896E+000    7.91763613650867E+002    4.96980776809847E+003    1.83200898817428E-002    2.11699765576515E+003    6.36424170426601E+004    0.00000000000000E+000
   7.54736759140080E-002    3.67988686207896E+000    7.91610951400744E+002    4.98452744036611E+003    1.83778941717785E-002    2.11679355368206E+003    6.38309143779497E+004    0.00000000000000E+000
   7.58514428392341E-002    3.67988686207896E+000    7.91453804956607E+002    4.99915621522650E+003    1.84354900095494E-002    2.11658343589011E+003    6.40182476982572E+004    0.00000000000000E+000
   7.62292354656470E-002    3.67988686207896E+000    7.91292303225334E+002    5.01369388658939E+003    1.84928744772637E-002    2.11636747298284E+003    6.42044143644300E+004    0.00000000000000E+000
   7.66070513993670E-002    3.67988686207896E+000    7.91126528800279E+002    5.02814114114810E+003    1.85500489899684E-002    2.11614577363318E+003    6.43894231701325E+004    0.00000000000000E+000
   7.69848888664301E-002    3.67988686207896E+000    7.90956578296415E+002    5.04249854367713E+003    1.86070141534123E-002    2.11591846526719E+003    6.45732813477600E+004    0.00000000000000E+000
   7.73627465139616E-002    3.67988686207896E+000    7.90782560987061E+002    5.05676682418622E+003    1.86637708504351E-002    2.11568569225371E+003    6.47559982456792E+004    0.00000000000000E+000
   7.77406237957021E-002    3.67988686207896E+000    7.90604524248026E+002    5.07094683618158E+003    1.87203218483238E-002    2.11544751617138E+003    6.49375847937286E+004    0.00000000000000E+000
   7.81185185639486E-002    3.67988686207896E+000    7.90422527567709E+002    5.08503929983254E+003    1.87766691168829E-002    2.11520401479173E+003    6.51180502142607E+004    0.00000000000000E+000
   7.84964284012268E-002    3.67988686207896E+000    7.90236300710481E+002    5.09904496603714E+003    1.88328225760247E-002    2.11495482465187E+003    6.52974041231331E+004    0.00000000000000E+000
   7.88741838988796E-002    3.67988686207896E+000    7.90045540708434E+002    5.11295837265963E+003    1.88887700554581E-002    2.11469953826664E+003    6.54755765732702E+004    0.00000000000000E+000
   7.92518512722425E-002    3.67988686207896E+000    7.89851165304496E+002    5.12678280829016E+003    1.89445025092535E-002    2.11443938183177E+003    6.56526096777346E+004    0.00000000000000E+000
   7.96295855319623E-002    3.67988686207896E+000    7.89653363675923E+002    5.14052483078874E+003    1.90000402309894E-002    2.11417460679583E+003    6.58285874152395E+004    0.00000000000000E+000
   8.00074042535221E-002    3.67988686207896E+000    7.89452171855175E+002    5.15418559218510E+003    1.90553871867961E-002    2.11390525966516E+003    6.60035245384595E+004    0.00000000000000E+000
   8.03853035072782E-002    3.67988686207896E+000    7.89244648135128E+002    5.16766653722724E+003    1.91102507121492E-002    2.11362739969332E+003    6.61761589675029E+004    0.00000000000000E+000
   8.07632778417207E-002    3.67988686207896E+000    7.89030493210298E+002    5.18095805932594E+003    1.91646034809941E-002    2.11334062269242E+003    6.63463676822075E+004    0.00000000000000E+000
   8.11413230355024E-002    3.67988686207896E+000    7.88814272504770E+002    5.19421424129398E+003    1.92189053330870E-002    2.11305103989845E+003    6.65161238378920E+004    0.00000000000000E+000
   8.15194345908509E-002    3.67988686207896E+000    7.88596502081475E+002    5.20745247176759E+003    1.92732083975708E-002    2.11275934145987E+003    6.66856501101387E+004    0.00000000000000E+000
   8.18976183718136E-002    3.67988686207896E+000    7.88377152231312E+002    5.22067188163512E+003    1.93275105064688E-002    2.11246548669733E+003    6.68549353692684E+004    0.00000000000000E+000
   8.22758752111681E-002    3.67988686207896E+000    7.88156240775754E+002    5.23387027558104E+003    1.93818034176045E-002    2.11216949859060E+003    6.70239515024861E+004    0.00000000000000E+000
   8.26541645192616E-002    3.67988686207896E+000    7.87933582732524E+002    5.24704430213293E+003    1.94360795945291E-002    2.11187112834191E+003    6.71926555914709E+004    0.00000000000000E+000
   8.30324831640632E-002    3.67988686207896E+000    7.87709031869998E+002    5.26019247647905E+003    1.94903375007096E-002    2.11157017894374E+003    6.73610286220048E+004    0.00000000000000E+000
   8.34108321384033E-002    3.67988686207896E+000    7.87482465505267E+002    5.27331227996734E+003    1.95445712217145E-002    2.11126648483470E+003    6.75290383407064E+004    0.00000000000000E+000
   8.37892115855711E-002    3.67988686207896E+000    7.87253647263531E+002    5.28639729397138E+003    1.95987632414025E-002    2.11095972791985E+003    6.76966025518616E+004    0.00000000000000E+000
   8.41676203742461E-002    3.67988686207896E+000    7.87022545258190E+002    5.29944738407076E+003    1.96529142863248E-002    2.11064986410676E+003    6.78637195341078E+004    0.00000000000000E+000
   8.45460564235515E-002    3.67988686207896E+000    7.86789189088538E+002    5.31246404565028E+003    1.97070295977874E-002    2.11033693172268E+003    6.80304084370600E+004    0.00000000000000E+000
   8.49245179615366E-002    3.67988686207896E+000    7.86553536934628E+002    5.32544555582499E+003    1.97611042668187E-002    2.11002087330891E+003    6.81966471977794E+004    0.00000000000000E+000
   8.53030029156259E-002    3.67988686207896E+000    7.86315583448873E+002    5.33839055468612E+003    1.98151338175858E-002    2.10970168028666E+003    6.83624184015319E+004    0.00000000000000E+000
   8.56815088792603E-002    3.67988686207896E+000    7.86075301692947E+002    5.35129728778892E+003    1.98691128503825E-002    2.10937931508935E+003    6.85276995812306E+004    0.00000000000000E+000
   8.60600362968851E-002    3.67988686207896E+000    7.85832671777061E+002    5.36416401268223E+003    1.99230358312821E-002    2.10905374957183E+003    6.86924684233757E+004    0.00000000000000E+000
   8.64385856661321E-002    3.67988686207896E+000    7.85587701316524E+002    5.37698951855672E+003    1.99768984997653E-002    2.10872499247256E+003    6.88567094225723E+004    0.00000000000000E+000
   8.68171558458764E-002    3.67988686207896E+000    7.85340398505408E+002    5.38977282243484E+003    2.00306974188118E-002    2.10839305329785E+003    6.90204099909960E+004    0.00000000000000E+000
   8.71957456908733E-002    3.67988686207896E+000    7.85090786069542E+002    5.40251343789862E+003    2.00844306179659E-002    2.10805796105522E+003    6.91835638996705E+004    0.00000000000000E+000
   8.75743533568656E-002    3.67988686207896E+000    7.84838872930898E+002    5.41521125539094E+003    2.01380978725515E-002    2.10771972622102E+003    6.93461697456280E+004    0.00000000000000E+000
   8.79529750787283E-002    3.67988686207896E+000    7.84584643126692E+002    5.42786610640335E+003    2.01916993751255E-002    2.10737832584420E+003    6.95082253709811E+004    0.00000000000000E+000
   8.83316093506721E-002    3.67988686207896E+000    7.84328069059277E+002    5.44047718572790E+003    2.02452332527143E-002    2.10703372131665E+003    6.96697204643896E+004    0.00000000000000E+000
   8.87102534175101E-002    3.67988686207896E+000    7.84069080655402E+002    5.45304176274494E+003    2.02986915686254E-002    2.10668581692737E+003    6.98306200580553E+004    0.00000000000000E+000
   8.90889050443470E-002    3.67988686207896E+000    7.83807612369668E+002    5.46555686116546E+003    2.03520653610915E-002    2.10633452297084E+003    6.99908860381846E+004    0.00000000000000E+000
   8.94675636731044E-002    3.67988686207896E+000    7.83543634792479E+002    5.47802061318761E+003    2.04053488607028E-002    2.10597979822781E+003    7.01504944860610E+004    0.00000000000000E+000
   8.98462279987213E-002    3.67988686207896E+000    7.83277151724391E+002    5.49043238661699E+003    2.04585400333020E-002    2.10562164607276E+003    7.03094373059225E+004    0.00000000000000E+000
   9.02248971920128E-002    3.67988686207896E+000    7.83008185268728E+002    5.50279227004251E+003    2.05116390464286E-002    2.10526009447083E+003    7.04677156322222E+004    0.00000000000000E+000
   9.06035706203814E-002    3.67988686207896E+000    7.82736714926738E+002    5.51509895286480E+003    2.05646419620893E-002    2.10489511410821E+003    7.06253126816725E+004    0.00000000000000E+000
   9.09822455120785E-002    3.67988686207896E+000    7.82462749260665E+002    5.52735206323180E+003    2.06175475764374E-002    2.10452671471557E+003    7.07822236924066E+004    0.00000000000000E+000
   9.13609188447325E-002    3.67988686207896E+000    7.82186153125876E+002    5.53955268131531E+003    2.06703638955215E-002    2.10415471272116E+003    7.09384624968998E+004    0.00000000000000E+000
   9.17395881046300E-002    3.67988686207896E+000    7.81906914297530E+002    5.55169447260780E+003    2.07230680365152E-002    2.10377908976796E+003    7.10939479766485E+004    0.00000000000000E+000
   9.21182528352966E-002    3.67988686207896E+000    7.81625085838187E+002    5.56377471596871E+003    2.07756488423747E-002    2.10339991531335E+003    7.12486452852420E+004    0.00000000000000E+000
   9.24969146220711E-002    3.67988686207896E+000    7.81340691302512E+002    5.57579281418705E+003    2.08281038437053E-002    2.10301721913561E+003    7.14025467749095E+004    0.00000000000000E+000
   9.28755730240608E-002    3.67988686207896E+000    7.81053789093654E+002    5.58774925963153E+003    2.08804336986568E-002    2.10263107792370E+003    7.15556587508314E+004    0.00000000000000E+000
   9.32542270951288E-002    3.67988686207896E+000    7.80764457669642E+002    5.59964536196387E+003    2.09326415657850E-002    2.10224159540507E+003    7.17079979842876E+004    0.00000000000000E+000
   9.36328757395097E-002    3.67988686207896E+000    7.80472736599496E+002    5.61148215460052E+003    2.09847305975822E-002    2.10184882300281E+003    7.18595777090135E+004    0.00000000000000E+000
   9.40115190892909E-002    3.67988686207896E+000    7.80178602004291E+002    5.62326054181958E+003    2.10367051661717E-002    2.10145272671268E+003    7.20104095050233E+004    0.00000000000000E+000
   9.43901622781346E-002    3.67988686207896E+000    7.79881979462147E+002    5.63498171242295E+003    2.10885720860239E-002    2.10105320440607E+003    7.21605085958887E+004    0.00000000000000E+000
   9.47687992709039E-002    3.67988686207896E+000    7.79582816330067E+002    5.64664635380505E+003    2.11403357319073E-002    2.10065018320275E+003    7.23098837842527E+004    0.00000000000000E+000
   9.51474300411908E-002    3.67988686207896E+000    7.79281197888276E+002    5.65825542088224E+003    2.11919977484936E-002    2.10024377600802E+003    7.24585472985934E+004    0.00000000000000E+000
   9.55261208884919E-002    3.67988686207896E+000    7.78977435766541E+002    5.66981285347251E+003    2.12435647694076E-002    2.09983440087509E+003    7.26065495914735E+004    0.00000000000000E+000
   9.59049945078782E-002    3.67988686207896E+000    7.78672090287287E+002    5.68132325210736E+003    2.12950390296893E-002    2.09942281142673E+003    7.27539495764284E+004    0.00000000000000E+000
   9.62841099065196E-002    3.67988686207896E+000    7.78365459552456E+002    5.69278858983798E+003    2.13464199573596E-002    2.09900940830447E+003    7.29007725199779E+004    0.00000000000000E+000
   9.66636581379203E-002    3.67988686207896E+000    7.78058967722971E+002    5.70421618581582E+003    2.13976959859359E-002    2.09859611107493E+003    7.30471121497891E+004    0.00000000000000E+000
   9.70440192378855E-002    3.67988686207896E+000    7.77758893169196E+002    5.71561940637512E+003    2.14487439796197E-002    2.09819138852366E+003    7.31931396326071E+004    0.00000000000000E+000
   9.74255331594908E-002    3.67988686207896E+000    7.77474668578005E+002    5.72701040085481E+003    2.14993471764793E-002    2.09780797144663E+003    7.33390105505651E+004    0.00000000000000E+000
   9.78083730850318E-002    3.67988686207896E+000    7.77218047383386E+002    5.73839676181471E+003    2.15492046236069E-002    2.09746173095838E+003    7.34848221325461E+004    0.00000000000000E+000
   9.81924519314039E-002    3.67988686207896E+000    7.76997744831821E+002    5.74977806930152E+003    2.15980664320125E-002    2.09716444699719E+003    7.36305690007078E+004    0.00000000000000E+000
   9.85776098871697E-002    3.67988686207896E+000    7.76811650331712E+002    5.76114845563747E+003    2.16459616668582E-002    2.09691329173792E+003    7.37761760146800E+004    0.00000000000000E+000
   9.89637114930900E-002    3.67988686207896E+000    7.76652872753006E+002    5.77250005252492E+003    2.16930462135012E-002    2.09669897992250E+003    7.39215424145333E+004    0.00000000000000E+000
   9.93505531096089E-002    3.67988686207896E+000    7.76513924581486E+002    5.78382119763394E+003    2.17394803914324E-002    2.09651141509709E+003    7.40665188546792E+004    2.83821100887782E+001
   9.97378785922261E-002    3.67988686207896E+000    7.76387512591272E+002    5.79508819753853E+003    2.17853758696320E-002    2.09634075816546E+003    7.42108019215920E+004    5.08640833011161E+002
   1.00125493069786E-001    3.67988686207896E+000    7.76268497376229E+002    5.80631453091310E+003    2.18309253730620E-002    2.09618007422582E+003    7.43545642206230E+004    9.87166134797211E+002
   1.00513240722240E-001    3.67988686207896E+000    7.76152981918062E+002    5.81750454681071E+003    2.18762536333128E-002    2.09602410357176E+003    7.44978614449223E+004    1.46414339493482E+003
   1.00901011013139E-001    3.67988686207896E+000    7.76038141317043E+002    5.82865566039822E+003    2.19214300139999E-002    2.09586903261413E+003    7.46406604936063E+004    1.93946243425762E+003
   1.01288735388658E-001    3.67988686207896E+000    7.75922056603127E+002    5.83976549164067E+003    2.19664997035103E-002    2.09571227005098E+003    7.47829308883978E+004    2.41302180317213E+003
   1.01676380037052E-001    3.67988686207896E+000    7.75803516321508E+002    5.85083266545728E+003    2.20114920695352E-002    2.09555217935016E+003    7.49246550202730E+004    2.88476288851271E+003
   1.02063939088773E-001    3.67988686207896E+000    7.75681921787343E+002    5.86185678117035E+003    2.20564230198094E-002    2.09538795112051E+003    7.50658277582290E+004    3.35466861129033E+003
   1.02451426769022E-001    3.67988686207896E+000    7.75557231612956E+002    5.87283803206431E+003    2.21012949631049E-002    2.09521952848332E+003    7.52064515774298E+004    3.82274721030342E+003
   1.02838867954480E-001    3.67988686207896E+000    7.75429836353264E+002    5.88377646198689E+003    2.21460974192405E-002    2.09504743802547E+003    7.53465270393809E+004    4.28900055457212E+003
   1.03226290043182E-001    3.67988686207896E+000    7.75300357209495E+002    5.89467245050271E+003    2.21908144716433E-002    2.09487251809047E+003    7.54860590047151E+004    4.75344482313466E+003
   1.03613716492829E-001    3.67988686207896E+000    7.75169432028191E+002    5.90552683825849E+003    2.22354313069601E-002    2.09469562977761E+003    7.56250582385951E+004    5.21611584877048E+003
   1.04001162754113E-001    3.67988686207896E+000    7.75037550152582E+002    5.91633974527841E+003    2.22799345090125E-002    2.09451743380652E+003    7.57635262780276E+004    5.67701874753982E+003
   1.04388636429219E-001    3.67988686207896E+000    7.74905005486500E+002    5.92711098862156E+003    2.23243150284626E-002    2.09433832701090E+003    7.59014607803061E+004    6.13614572154077E+003
   1.04776138915944E-001    3.67988686207896E+000    7.74771904394805E+002    5.93784018859232E+003    2.23685684150064E-002    2.09415845290571E+003    7.60388568831205E+004    6.59348058615154E+003
   1.05163668151733E-001    3.67988686207896E+000    7.74638217765473E+002    5.94852688402429E+003    2.24126938032042E-002    2.09397777194586E+003    7.61757086808609E+004    7.04900368403669E+003
   1.05551221555701E-001    3.67988686207896E+000    7.74503857799562E+002    5.95917073369821E+003    2.24566924867190E-002    2.09379616524452E+003    7.63120118039386E+004    7.50270047064024E+003
   1.05938798089655E-001    3.67988686207896E+000    7.74368751697225E+002    5.96977156573209E+003    2.25005659818544E-002    2.09361353414853E+003    7.64477640512650E+004    7.95456361944802E+003
   1.06326398952683E-001    3.67988686207896E+000    7.74232891867344E+002    5.98032939139159E+003    2.25443146134259E-002    2.09342986812706E+003    7.65829655671060E+004    8.40459361066133E+003
   1.06714026708642E-001    3.67988686207896E+000    7.74096343408975E+002    5.99084436130643E+003    2.25879371118439E-002    2.09324525492535E+003    7.67176182803975E+004    8.85279686491088E+003
   1.07101683451265E-001    3.67988686207896E+000    7.73959211796976E+002    6.00131667570157E+003    2.26314311976481E-002    2.09305983691346E+003    7.68517247551821E+004    9.29918191683568E+003
   1.07489368716031E-001    3.67988686207896E+000    7.73821587288159E+002    6.01174655044522E+003    2.26747950703639E-002    2.09287373593153E+003    7.69852877558276E+004    9.74375796787345E+003
   1.07877077858353E-001    3.67988686207896E+000    7.73683482849617E+002    6.02213393910624E+003    2.27180281874656E-002    2.09268696933428E+003    7.71183066877453E+004    1.01865230388844E+004
   1.08264801915875E-001    3.67988686207896E+000    7.73544799099029E+002    6.03247870360319E+003    2.27611329626645E-002    2.09249940252501E+003    7.72507797826905E+004    1.06274712441125E+004
   1.08649465477714E-001    3.67988686207896E+000    7.72490789705020E+002    6.02811327041267E+003    2.27756952482240E-002    2.09107332750375E+003    7.71948768720254E+004    1.04413935493547E+004
   1.09036940846389E-001    3.67988686207896E+000    7.72396376197467E+002    6.03806436198062E+003    2.28160814929154E-002    2.09094553853674E+003    7.73223086659999E+004    1.08655613463350E+004
   1.09424392721051E-001    3.67988686207896E+000    7.72293235704999E+002    6.04869451911458E+003    2.28593022254177E-002    2.09080592864267E+003    7.74584364450040E+004    1.13186744849564E+004
   1.09811827359185E-001    3.67988686207896E+000    7.72192320825190E+002    6.05932005148417E+003    2.29024510138661E-002    2.09066932229143E+003    7.75945050001514E+004    1.17715904918259E+004
   1.10199245777521E-001    3.67988686207896E+000    7.72091364608120E+002    6.06992294392833E+003    2.29455267267227E-002    2.09053265105076E+003    7.77302836327015E+004    1.22235414661430E+004
   1.10586654214916E-001    3.67988686207896E+000    7.71988746264598E+002    6.08048738787054E+003    2.29885178390852E-002    2.09039372051986E+003    7.78655699010176E+004    1.26738535633327E+004
   1.10974063076228E-001    3.67988686207896E+000    7.71884494125437E+002    6.09101369173403E+003    2.30314249158163E-002    2.09025256860796E+003    7.80003677547089E+004    1.31225399300121E+004
   1.11359983268444E-001    3.67988686207896E+000    7.70816723451974E+002    6.08777166711781E+003    2.30510533321904E-002    2.08880631414168E+003    7.79588510014830E+004    1.29843478100996E+004
   1.11744690670973E-001    3.67988686207896E+000    7.70812082492503E+002    6.09757677023609E+003    2.30883188924206E-002    2.08880002595427E+003    7.80844132950199E+004    1.34022928124588E+004
   1.12131937885255E-001    3.67988686207896E+000    7.70690862468086E+002    6.10726372746715E+003    2.31286355815966E-002    2.08863577428283E+003    7.82084626347008E+004    1.38152018164694E+004
   1.12519224726039E-001    3.67988686207896E+000    7.70626046563485E+002    6.11800034303138E+003    2.31712446227117E-002    2.08854794421364E+003    7.83459537002007E+004    1.42728527726285E+004
   1.12906493129128E-001    3.67988686207896E+000    7.69643320381249E+002    6.11585207564294E+003    2.31926843281130E-002    2.08721582890434E+003    7.83184433948864E+004    1.41812823314108E+004
   1.13289234609037E-001    3.67988686207896E+000    7.68332396187314E+002    6.10169469518360E+003    2.31784759813585E-002    2.08543750654692E+003    7.81371466620009E+004    1.35778204057070E+004
   1.13676098202286E-001    3.67988686207896E+000    7.68538373727473E+002    6.11313346703887E+003    2.32157046281740E-002    2.08571702391770E+003    7.82836294079818E+004    1.40654009515070E+004
   1.14062990657880E-001    3.67988686207896E+000    7.68327248841730E+002    6.11990652615527E+003    2.32478129149611E-002    2.08543052097299E+003    7.83703639202717E+004    1.43541043107917E+004
   1.14449529201802E-001    3.67988686207896E+000    7.68345043199101E+002    6.13133903856774E+003    2.32907024219091E-002    2.08545466998056E+003    7.85167665090138E+004    1.48414180462581E+004
   1.14836550995246E-001    3.67988686207896E+000    7.67441904385399E+002    6.13026640576683E+003    2.33140319879579E-002    2.08422865253690E+003    7.85030305765121E+004    1.47956968016067E+004
   1.15222813870641E-001    3.67988686207896E+000    7.66436331712435E+002    6.12442276384272E+003    2.33223671197667E-002    2.08286273131416E+003    7.84281980047636E+004    1.45466100854041E+004
   1.15600706267782E-001    3.67988686207896E+000    7.65428767975985E+002    6.11512343452042E+003    2.33176079416643E-002    2.08149320651616E+003    7.83091125546692E+004    1.41502238191238E+004
   1.15987181675345E-001    3.67988686207896E+000    7.65504997060297E+002    6.12233648112184E+003    2.33427873367522E-002    2.08159685193522E+003    7.84014814633627E+004    1.44576817563310E+004
   1.16373156397881E-001    3.67988686207896E+000    7.65334227569010E+002    6.12903619318273E+003    2.33735456885908E-002    2.08136465680660E+003    7.84872767071510E+004    1.47432586788086E+004
   1.16748819000605E-001    3.67988686207896E+000    7.65484587439130E+002    6.14204644014849E+003    2.34185603739490E-002    2.08156910235389E+003    7.86538834657741E+004    1.52978237489769E+004
   1.17130330408290E-001    3.67988686207896E+000    7.64817995965824E+002    6.14640616244757E+003    2.34556086143786E-002    2.08066257958159E+003    7.87097132438451E+004    1.54836580155415E+004
   1.17516419881957E-001    3.67988686207896E+000    7.63975110743802E+002    6.14494274096812E+003    2.34758961283320E-002    2.07951574255054E+003    7.86909729455377E+004    1.54212793045474E+004
   1.17897719709657E-001    3.67988686207896E+000    7.63086344236018E+002    6.13944836438866E+003    2.34822235531782E-002    2.07830579359022E+003    7.86206129996453E+004    1.51870801120695E+004
   1.18279929642636E-001    3.67988686207896E+000    7.62486641882095E+002    6.13753447744641E+003    2.34933665141971E-002    2.07748897262437E+003    7.85961041259353E+004    1.51055001966985E+004
   1.18665454880912E-001    3.67988686207896E+000    7.62272918033612E+002    6.14095177589352E+003    2.35130379804359E-002    2.07719779371569E+003    7.86398654026442E+004    1.52511634080191E+004
   1.19046272427362E-001    3.67988686207896E+000    7.61669207491287E+002    6.13978487498423E+003    2.35272032919148E-002    2.07637507355307E+003    7.86249222906001E+004    1.52014239613857E+004
   1.19426612994560E-001    3.67988686207896E+000    7.60964574644667E+002    6.13605244963219E+003    2.35346732304224E-002    2.07541440676929E+003    7.85771255584287E+004    1.50423283859750E+004
   1.19812834360297E-001    3.67988686207896E+000    7.61080368536224E+002    6.14885721658314E+003    2.35801974546930E-002    2.07557230582086E+003    7.87411009788981E+004    1.55881348184994E+004
   1.20195169201268E-001    3.67988686207896E+000    7.61346116761214E+002    6.16210941765172E+003    2.36227697836814E-002    2.07593464042981E+003    7.89108061559381E+004    1.61530132435457E+004
   1.20579537732493E-001    3.67988686207896E+000    7.59918502900067E+002    6.14865907999188E+003    2.36154890387428E-002    2.07398741590421E+003    7.87385636792358E+004    1.55796891961434E+004
   1.20962289402614E-001    3.67988686207896E+000    7.60258019477939E+002    6.16362075161453E+003    2.36623812593532E-002    2.07445067247346E+003    7.89301600124333E+004    1.62174342362713E+004
   1.21348951699329E-001    3.67988686207896E+000    7.60341289106820E+002    6.17357354054580E+003    2.36979948087966E-002    2.07456427470029E+003    7.90576135425210E+004    1.66416743837925E+004
   1.21729114699484E-001    3.67988686207896E+000    7.59215444583192E+002    6.16891788670904E+003    2.37152389070379E-002    2.07302779226691E+003    7.89979941212251E+004    1.64432259605257E+004
   1.22111143484478E-001    3.67988686207896E+000    7.59872137991727E+002    6.19255193807281E+003    2.37855219499290E-002    2.07392414484101E+003    7.93006473069189E+004    1.74506333823378E+004
   1.22495900542228E-001    3.67988686207896E+000    7.58342664175856E+002    6.18148762804132E+003    2.37909105043641E-002    2.07183589190643E+003    7.91589598481336E+004    1.69790143665632E+004
   1.22882999157909E-001    3.67988686207896E+000    7.58438481419196E+002    6.18957259877012E+003    2.38190178644856E-002    2.07196677688948E+003    7.92624944520679E+004    1.73236382904074E+004
   1.23261022748556E-001    3.67988686207896E+000    7.58112694249624E+002    6.19329212514634E+003    2.38435735334176E-002    2.07152172253602E+003    7.93101260023980E+004    1.74821840437090E+004
   1.23638554786637E-001    3.67988686207896E+000    7.55875449504893E+002    6.16978889680508E+003    2.38233929208516E-002    2.06846285980825E+003    7.90091481115538E+004    1.64803529863463E+004
   1.24028147655851E-001    3.67988686207896E+000    7.55647141390732E+002    6.17532844825787E+003    2.38519871436848E-002    2.06815045217526E+003    7.90800865583185E+004    1.67164777692352E+004
   1.24412899240075E-001    3.67988686207896E+000    7.56286120099633E+002    6.20056796331070E+003    2.39292392004757E-002    2.06902468618207E+003    7.94032990079544E+004    1.77923184871805E+004
   1.24792550811077E-001    3.67988686207896E+000    7.55311675701632E+002    6.20371677601785E+003    2.39722784235314E-002    2.06769132879795E+003    7.94436221071261E+004    1.79265374258740E+004
   1.25179348517286E-001    3.67988686207896E+000    7.55622764840650E+002    6.21313047773053E+003    2.39987703224254E-002    2.06811709349705E+003    7.95641721883907E+004    1.83277988442453E+004
   1.25558939795801E-001    3.67988686207896E+000    7.55692293297571E+002    6.22428133082812E+003    2.40396294854847E-002    2.06821223997047E+003    7.97069679012901E+004    1.88031067801190E+004
   1.25943405024100E-001    3.67988686207896E+000    7.55579796365879E+002    6.23100788534533E+003    2.40691920971398E-002    2.06805829094064E+003    7.97931068844902E+004    1.90898278690917E+004
   1.26323150193212E-001    3.67988686207896E+000    7.55540433830121E+002    6.24109784959148E+003    2.41094236996019E-002    2.06800442166102E+003    7.99223170556806E+004    1.95199151491327E+004
   1.26709495976461E-001    3.67988686207896E+000    7.55354717277965E+002    6.25133567065113E+003    2.41549099327730E-002    2.06775024184616E+003    8.00534206532218E+004    1.99563048632755E+004
   1.27096628076033E-001    3.67988686207896E+000    7.56218096774054E+002    6.27631737971463E+003    2.42237502162881E-002    2.06893163601165E+003    8.03733316881844E+004    2.10211565356678E+004
   1.27478262676871E-001    3.67988686207896E+000    7.55174203156200E+002    6.27534702309040E+003    2.42534849143406E-002    2.06750315235741E+003    8.03609054850311E+004    2.09797948389360E+004
   1.27861216451273E-001    3.67988686207896E+000    7.54526195834907E+002    6.27558517413061E+003    2.42752356737779E-002    2.06661591024472E+003    8.03639552021484E+004    2.09899460873074E+004
   1.28245975572461E-001    3.67988686207896E+000    7.54592739917262E+002    6.28332511728418E+003    2.43030319807329E-002    2.06670703897432E+003    8.04630714482995E+004    2.13198631234221E+004
   1.28623108390585E-001    3.67988686207896E+000    7.53729112984153E+002    6.27873335258512E+003    2.43130978672288E-002    2.06552403339313E+003    8.04042701792010E+004    2.11241379908219E+004
   1.29006264104236E-001    3.67988686207896E+000    7.54963327843225E+002    6.31064529596709E+003    2.43967211809003E-002    2.06721446677137E+003    8.08129284823237E+004    2.24843926552728E+004
   1.29390394512864E-001    3.67988686207896E+000    7.53367365860098E+002    6.29619123642144E+003    2.43924068845655E-002    2.06502830685129E+003    8.06278325332473E+004    2.18682847084178E+004
   1.29771183365663E-001    3.67988686207896E+000    7.52571715129457E+002    6.29568105909523E+003    2.44162169769437E-002    2.06393755392023E+003    8.06212992990307E+004    2.18465382707483E+004
   1.30153782676926E-001    3.67988686207896E+000    7.53903936615656E+002    6.32660502947223E+003    2.44927900688007E-002    2.06576356339782E+003    8.10173058069647E+004    2.31646803357792E+004
   1.30533592990934E-001    3.67988686207896E+000    7.52498463897303E+002    6.31438568589263E+003    2.44911420061647E-002    2.06383710525536E+003    8.08608272073149E+004    2.26438277226450E+004
   1.30916751792377E-001    3.67988686207896E+000    7.53085719863559E+002    6.33450262258722E+003    2.45500090564824E-002    2.06464226589023E+003    8.11184408886642E+004    2.35013172414045E+004
   1.31301875809431E-001    3.67988686207896E+000    7.53793504678848E+002    6.35338179271792E+003    2.46000569280201E-002    2.06561226121274E+003    8.13602039658178E+004    2.43060466470650E+004
   1.31682234371359E-001    3.67988686207896E+000    7.53563724574591E+002    6.36119681442512E+003    2.46378267890378E-002    2.06529740523802E+003    8.14602816537074E+004    2.46391639255324E+004
   1.32065189597668E-001    3.67988686207896E+000    7.52341307573859E+002    6.34766303067462E+003    2.46253552967190E-002    2.06362158189982E+003    8.12869705821719E+004    2.40622829673927E+004
   1.32445412888770E-001    3.67988686207896E+000    7.52589262289254E+002    6.36262305298470E+003    2.46752593438906E-002    2.06396161543506E+003    8.14785457945850E+004    2.46999577051550E+004
   1.32830845486594E-001    3.67988686207896E+000    7.54213059411726E+002    6.39495518099146E+003    2.47472534339076E-002    2.06618703191453E+003    8.18925849024336E+004    2.60781228455976E+004
   1.33215979807443E-001    3.67988686207896E+000    7.52873921663309E+002    6.38518987938993E+003    2.47534143369935E-002    2.06435191496828E+003    8.17675322995822E+004    2.56618743929649E+004
   1.33603239856535E-001    3.67988686207896E+000    7.54488391655504E+002    6.41507639466140E+003    2.48160593572660E-002    2.06656413755764E+003    8.21502533539192E+004    2.69357946715140E+004
   1.33987523504204E-001    3.67988686207896E+000    7.53610185406517E+002    6.41677363899144E+003    2.48515515766446E-002    2.06536107202127E+003    8.21719879433673E+004    2.70081401407013E+004
   1.34375780575855E-001    3.67988686207896E+000    7.55455581456099E+002    6.45351937936953E+003    2.49328103290614E-002    2.06788829285848E+003    8.26425469353459E+004    2.85744366256797E+004
   1.34760895706204E-001    3.67988686207896E+000    7.54648904524853E+002    6.45058266436996E+003    2.49481041291459E-002    2.06678395041535E+003    8.26049399192480E+004    2.84492584054591E+004
   1.35136967016400E-001    3.67988686207896E+000    7.54005842700395E+002    6.45185505281051E+003    2.49743066356126E-002    2.06590317452939E+003    8.26212338846391E+004    2.85034942848142E+004
   1.35519535500709E-001    3.67988686207896E+000    7.55918008498910E+002    6.48987071971256E+003    2.50579133251915E-002    2.06852109060502E+003    8.31080553151712E+004    3.01239217093295E+004
   1.35905010786705E-001    3.67988686207896E+000    7.56489226703026E+002    6.50688687951263E+003    2.51046434732898E-002    2.06930249398178E+003    8.33259610348677E+004    3.08492398280679E+004
   1.36290983892363E-001    3.67988686207896E+000    7.55802365694644E+002    6.50687248832709E+003    2.51274025946291E-002    2.06836285999907E+003    8.33257767440712E+004    3.08486264001413E+004
   1.36674797852290E-001    3.67988686207896E+000    7.57051789801898E+002    6.53907832377557E+003    2.52100958941162E-002    2.07007176923363E+003    8.37381985733372E+004    3.22214082883194E+004
   1.37054609082648E-001    3.67988686207896E+000    7.57639591924642E+002    6.55561502468534E+003    2.52542415072812E-002    2.07087525223036E+003    8.39499644332895E+004    3.29262893504943E+004
   1.37437820453749E-001    3.67988686207896E+000    7.58210626040164E+002    6.57269285688252E+003    2.53009611864105E-002    2.07165551615395E+003    8.41686599180232E+004    3.36542362707702E+004
   1.37820229371273E-001    3.67988686207896E+000    7.57810804583788E+002    6.57477309485689E+003    2.53223218941423E-002    2.07110922893493E+003    8.41952990515451E+004    3.37429069409932E+004
   1.38201307661611E-001    3.67988686207896E+000    7.58588807940113E+002    6.59678215451472E+003    2.53810310610712E-002    2.07217210410610E+003    8.44771429012111E+004    3.46810486800095E+004
   1.38580651618006E-001    3.67988686207896E+000    7.60108199110582E+002    6.62884551991799E+003    2.54534133309184E-002    2.07424626142677E+003    8.48877402860606E+004    3.60477577464473E+004
   1.38959477833761E-001    3.67988686207896E+000    7.60839598689440E+002    6.64812722023230E+003    2.55029114343937E-002    2.07524397337653E+003    8.51346580885101E+004    3.68696451030760E+004
   1.39338151268101E-001    3.67988686207896E+000    7.60678105192064E+002    6.65748864824642E+003    2.55442447951431E-002    2.07502371920371E+003    8.52545387626911E+004    3.72686783418140E+004
   1.39716558406034E-001    3.67988686207896E+000    7.60766503929934E+002    6.66655448168280E+003    2.55760574589437E-002    2.07514428541153E+003    8.53706341086923E+004    3.76551117868525E+004
   1.40095059747420E-001    3.67988686207896E+000    7.62693510744597E+002    6.71116009569996E+003    2.56821333545131E-002    2.07777077338723E+003    8.59418451539056E+004    3.95564373752473E+004
   1.40473160669120E-001    3.67988686207896E+000    7.64405259876811E+002    6.74636002120107E+003    2.57590235307983E-002    2.08010108623932E+003    8.63926087333325E+004    4.10568431098055E+004
   1.40852684076233E-001    3.67988686207896E+000    7.65485617867678E+002    6.77508428315753E+003    2.58321893675330E-002    2.08157050336675E+003    8.67604461918375E+004    4.22812220466040E+004
   1.41236156355220E-001    3.67988686207896E+000    7.65623081418269E+002    6.78112516886762E+003    2.58505800209662E-002    2.08175739598801E+003    8.68378046301530E+004    4.25387163291114E+004
   1.41610875064982E-001    3.67988686207896E+000    7.65854032052487E+002    6.79447515258520E+003    2.58936611540256E-002    2.08207135395956E+003    8.70087619932769E+004    4.31077627643231E+004
   1.41987800638709E-001    3.67988686207896E+000    7.67182197390999E+002    6.83020934774996E+003    2.59847802041339E-002    2.08387596488882E+003    8.74663673288310E+004    4.46309418785332E+004
   1.42364971399891E-001    3.67988686207896E+000    7.68422344333234E+002    6.85961628321555E+003    2.60545385985750E-002    2.08555957334275E+003    8.78429469750018E+004    4.58844199464615E+004
   1.42743097815956E-001    3.67988686207896E+000    7.69097168084798E+002    6.88181941705634E+003    2.61159368008660E-002    2.08647513513773E+003    8.81272761018988E+004    4.68308341466517E+004
   1.43122694703374E-001    3.67988686207896E+000    7.70547173432226E+002    6.91627244041393E+003    2.61972925246825E-002    2.08844106064014E+003    8.85684749939322E+004    4.82994029882809E+004
   1.43499877004375E-001    3.67988686207896E+000    7.71121577233252E+002    6.93542699042861E+003    2.62502774251811E-002    2.08921932902285E+003    8.88137645337257E+004    4.91158705312026E+004
   1.43881391395965E-001    3.67988686207896E+000    7.73459136539090E+002    6.98007454794072E+003    2.63394217244626E-002    2.09238353734274E+003    8.93855126993915E+004    5.10189839716863E+004
   1.44255870580432E-001    3.67988686207896E+000    7.74340845779131E+002    7.00322599911087E+003    2.63966930279830E-002    2.09357581004484E+003    8.96819857984059E+004    5.20058204380862E+004
   1.44629858373504E-001    3.67988686207896E+000    7.75176311896570E+002    7.02487820759406E+003    2.64497672741367E-002    2.09470492529267E+003    8.99592598795135E+004    5.29287513054539E+004
   1.45005532771817E-001    3.67988686207896E+000    7.76847294117990E+002    7.06116312907132E+003    2.65291989319761E-002    2.09696139932733E+003    9.04239177119230E+004    5.44754052681385E+004
   1.45378385014008E-001    3.67988686207896E+000    7.79553336642515E+002    7.11498855247474E+003    2.66386320923019E-002    2.10061046510275E+003    9.11131958899899E+004    5.67697275654107E+004
   1.45752272300322E-001    3.67988686207896E+000    7.81283127587318E+002    7.15271204327523E+003    2.67205777886233E-002    2.10293974991165E+003    9.15962757687009E+004    5.83777009096394E+004
   1.46128567877562E-001    3.67988686207896E+000    7.82207286892898E+002    7.17829132604165E+003    2.67844523740507E-002    2.10418313844496E+003    9.19238392193282E+004    5.94680243123812E+004
   1.46495818520340E-001    3.67988686207896E+000    7.83200270437476E+002    7.20507031627470E+003    2.68502877124815E-002    2.10551830661361E+003    9.22667658965596E+004    6.06094855495671E+004
   1.46868351361217E-001    3.67988686207896E+000    7.83986714599214E+002    7.22580372230385E+003    2.69005404987177E-002    2.10657516088703E+003    9.25322739674537E+004    6.14932522297576E+004
   1.47239557025672E-001    3.67988686207896E+000    7.85090340988750E+002    7.25853513729331E+003    2.69844082159024E-002    2.10805736350889E+003    9.29514262687815E+004    6.28884370789085E+004
   1.47608842603106E-001    3.67988686207896E+000    7.86016235211939E+002    7.28545567484658E+003    2.70525839020776E-002    2.10930006316933E+003    9.32961655741880E+004    6.40359318064486E+004
   1.47980529860544E-001    3.67988686207896E+000    7.89874913107094E+002    7.35974237291194E+003    2.71949234372702E-002    2.11447116814407E+003    9.42474669603996E+004    6.72024211154999E+004
   1.48353019968360E-001    3.67988686207896E+000    7.90921295562870E+002    7.38521891602868E+003    2.72529583948994E-002    2.11587127163986E+003    9.45737147465311E+004    6.82883652146680E+004
   1.48725575421382E-001    3.67988686207896E+000    7.93071084374535E+002    7.43117018011778E+003    2.73481932686503E-002    2.11874487593341E+003    9.51621579317118E+004    7.02470494780000E+004
   1.49098644293828E-001    3.67988686207896E+000    7.95214746547798E+002    7.47895353608516E+003    2.74498489489295E-002    2.12160641528197E+003    9.57740625385046E+004    7.22838271213974E+004
   1.49470934131994E-001    3.67988686207896E+000    7.96347930764517E+002    7.50745569537691E+003    2.75152504936923E-002    2.12311752598240E+003    9.61390557923495E+004    7.34987388758920E+004
   1.49845720452524E-001    3.67988686207896E+000    7.98546516486552E+002    7.55736429288009E+003    2.76219087820755E-002    2.12604629514391E+003    9.67781758397487E+004    7.56261054777100E+004
   1.50217419387766E-001    3.67988686207896E+000    8.01548345111168E+002    7.61423367844929E+003    2.77255409351073E-002    2.13003857364435E+003    9.75064344208124E+004    7.80501774328100E+004
   1.50585163332241E-001    3.67988686207896E+000    8.03777816638921E+002    7.66312365611797E+003    2.78261656730351E-002    2.13299882100793E+003    9.81325102155281E+004    8.01341251063412E+004
   1.50958667164843E-001    3.67988686207896E+000    8.05759334879095E+002    7.70316014764597E+003    2.79027578518039E-002    2.13562639686930E+003    9.86452099434946E+004    8.18406906920642E+004
   1.51334540463689E-001    3.67988686207896E+000    8.07058644471914E+002    7.73536328202182E+003    2.79742962571909E-002    2.13734758210305E+003    9.90575971833360E+004    8.32133574463378E+004
   1.51703768051034E-001    3.67988686207896E+000    8.09271657583200E+002    7.78350849579590E+003    2.80714355037254E-002    2.14027595676789E+003    9.96741356726689E+004    8.52655593703420E+004
   1.52074823419328E-001    3.67988686207896E+000    8.10571994972289E+002    7.81427210432681E+003    2.81371744950625E-002    2.14199476389369E+003    1.00068088617173E+005    8.65768659710910E+004
   1.52447242914713E-001    3.67988686207896E+000    8.13814150449103E+002    7.87776735528959E+003    2.82527979122274E-002    2.14627430325321E+003    1.00881196775589E+005    8.92833671157817E+004
   1.52814785200748E-001    3.67988686207896E+000    8.16068476314551E+002    7.92661123762117E+003    2.83494413788142E-002    2.14924491738112E+003    1.01506682282148E+005    9.13653499639013E+004
   1.53186498669471E-001    3.67988686207896E+000    8.18381885482987E+002    7.97585950006524E+003    2.84449409146468E-002    2.15228912524119E+003    1.02137346203841E+005    9.34645696166754E+004
   1.53563013097089E-001    3.67988686207896E+000    8.21524803790509E+002    8.03945986690101E+003    2.85620740053659E-002    2.15641799641967E+003    1.02951800456219E+005    9.61755513520602E+004
   1.53940595695862E-001    3.67988686207896E+000    8.23713354963325E+002    8.08635843950235E+003    2.86523620167982E-002    2.15928844667201E+003    1.03552374694796E+005    9.81746148805167E+004
   1.54319092807684E-001    3.67988686207896E+000    8.25935750217537E+002    8.13287911880818E+003    2.87396583783261E-002    2.16219938645278E+003    1.04148109703401E+005    1.00157570611597E+005
   1.54696263079312E-001    3.67988686207896E+000    8.27243358461915E+002    8.16240118078411E+003    2.87983891679406E-002    2.16391028926213E+003    1.04526163637859E+005    1.01415955976170E+005
   1.55070738555262E-001    3.67988686207896E+000    8.30537618609123E+002    8.23163805411571E+003    2.89274736602655E-002    2.16821458537030E+003    1.05412797924920E+005    1.04367195227695E+005
   1.55441691651271E-001    3.67988686207896E+000    8.32864606048731E+002    8.28466174710981E+003    2.90324658504897E-002    2.17124989581208E+003    1.06091809295206E+005    1.06627343563330E+005
   1.55814505294785E-001    3.67988686207896E+000    8.34994571079377E+002    8.32811723493997E+003    2.91103030865889E-002    2.17402449645121E+003    1.06648292042291E+005    1.08479644731875E+005
   1.56192008345034E-001    3.67988686207896E+000    8.37268269518239E+002    8.37488291831326E+003    2.91942726991212E-002    2.17698242925533E+003    1.07247164526582E+005    1.10473043823348E+005
   1.56561397896061E-001    3.67988686207896E+000    8.38497977560665E+002    8.40448249927644E+003    2.92544883357617E-002    2.17858052550686E+003    1.07626211154510E+005    1.11734733454375E+005
   1.56936616855961E-001    3.67988686207896E+000    8.42883378469341E+002    8.49897541664297E+003    2.94294829665320E-002    2.18427015737406E+003    1.08836269558221E+005    1.15762517975891E+005
   1.57310306402541E-001    3.67988686207896E+000    8.44899582047236E+002    8.53652350057878E+003    2.94889625468922E-002    2.18688101848316E+003    1.09317103209844E+005    1.17363014558113E+005
   1.57692998671725E-001    3.37724728778122E+000    1.18534914720516E+003    1.11810528127562E+004    3.41877851608599E-002    2.05889567087933E+003    1.54434416946352E+005    1.33271075806245E+005
   1.58084400992266E-001    3.37724728778122E+000    1.19114109684731E+003    1.12660136026629E+004    3.42800637742805E-002    2.06391971307925E+003    1.55607908411983E+005    1.36156883603951E+005
   1.58474492803185E-001    3.37724728778122E+000    1.19671852695391E+003    1.13443919470100E+004    3.43576749979365E-002    2.06874614554387E+003    1.56690482129609E+005    1.38819109761885E+005
   1.58861935218487E-001    3.37724728778122E+000    1.20207428542442E+003    1.14298568088098E+004    3.44622827772190E-002    2.07337018021030E+003    1.57870935913566E+005    1.41722039041172E+005
   1.59247608358697E-001    3.37724728778122E+000    1.20748892289679E+003    1.15211551698302E+004    3.45817868310246E-002    2.07803458995289E+003    1.59131962883787E+005    1.44823110987890E+005
   1.59637196237993E-001    3.37724728778122E+000    1.21282284863799E+003    1.16118016873178E+004    3.47005851971079E-002    2.08261925665990E+003    1.60383986491121E+005    1.47902042190013E+005
   1.60028618450314E-001    3.37724728778122E+000    1.21813900445584E+003    1.16997978661758E+004    3.48109654448375E-002    2.08717862927310E+003    1.61599403214663E+005    1.50890951066631E+005
   1.60416941868030E-001    3.37724728778122E+000    1.22317383351378E+003    1.17882690492104E+004    3.49298255263419E-002    2.09148755928677E+003    1.62821380768773E+005    1.53895994100646E+005
   1.60805859125241E-001    3.37724728778122E+000    1.22807350016400E+003    1.18775318266931E+004    3.50539047001419E-002    2.09567230795960E+003    1.64054291946854E+005    1.56927924707547E+005
   1.61193893281982E-001    3.37724728778122E+000    1.23279487129219E+003    1.19674624748856E+004    3.51840487967306E-002    2.09969688591789E+003    1.65296427857648E+005    1.59982540443720E+005
   1.61584484462569E-001    3.37724728778122E+000    1.23765735115510E+003    1.20618810023474E+004    3.53223161051627E-002    2.10383369990622E+003    1.66600551045481E+005    1.63189593051122E+005
   1.61970309258075E-001    3.37724728778122E+000    1.24227746744717E+003    1.21510026757806E+004    3.54509654825324E-002    2.10775679792723E+003    1.67831513272780E+005    1.66216730868704E+005
   1.62348751297096E-001    3.37724728778122E+000    1.24655653425455E+003    1.22392628662181E+004    3.55858907978125E-002    2.11138379711752E+003    1.69050576564765E+005    1.69214607254635E+005
   1.62727261863563E-001    3.37724728778122E+000    1.25077693677926E+003    1.23292236466709E+004    3.57264961214461E-002    2.11495497889658E+003    1.70293128666963E+005    1.72270246473663E+005
   1.63109333090656E-001    3.37724728778122E+000    1.25496086285593E+003    1.24179750888516E+004    3.58637056200381E-002    2.11848935318015E+003    1.71518977203398E+005    1.75284808887501E+005
   1.63494524404157E-001    3.37724728778122E+000    1.25915480746148E+003    1.25104467875579E+004    3.60104253267104E-002    2.12202628273722E+003    1.72796210493761E+005    1.78425734830951E+005
   1.63886674134700E-001    3.37724728778122E+000    1.26344273474979E+003    1.26111688090593E+004    3.61771487482341E-002    2.12563638730723E+003    1.74187398508406E+005    1.81846894113588E+005
   1.64283352451505E-001    3.37724728778122E+000    1.26771523215611E+003    1.27114113514502E+004    3.63418158467550E-002    2.12922741318123E+003    1.75571963884012E+005    1.85251767241665E+005
   1.64681750050045E-001    3.37724728778122E+000    1.27197127076972E+003    1.28121081639851E+004    3.65071435135893E-002    2.13279859410726E+003    1.76962803708544E+005    1.88672070267760E+005
   1.65082845180521E-001    3.37724728778122E+000    1.27624110606488E+003    1.29146244365509E+004    3.66761391291440E-002    2.13637535296796E+003    1.78378774194181E+005    1.92154173707324E+005
   1.65482813868781E-001    3.37724728778122E+000    1.28038191206990E+003    1.30151522887995E+004    3.68420920041429E-002    2.13983831616721E+003    1.79767280313316E+005    1.95568737769455E+005
   1.65883253252962E-001    3.37724728778122E+000    1.28457163065896E+003    1.31174974101008E+004    3.70106932093274E-002    2.14333649045746E+003    1.81180886831429E+005    1.99045027825526E+005
   1.66282731716874E-001    3.37724728778122E+000    1.28868347756663E+003    1.32177819685674E+004    3.71746494833044E-002    2.14676410400166E+003    1.82566032539517E+005    2.02451328086271E+005
   1.66680674554943E-001    3.37724728778122E+000    1.29279533249945E+003    1.33217394260567E+004    3.73478596439329E-002    2.15018626026519E+003    1.84001908892438E+005    2.05982383315183E+005
   1.67077652132327E-001    3.37724728778122E+000    1.29676320141467E+003    1.34175090046773E+004    3.75012528001587E-002    2.15348342597294E+003    1.85324693006165E+005    2.09235326197066E+005
   1.67475577468547E-001    3.37724728778122E+000    1.30086999360280E+003    1.35189864910560E+004    3.76655919171447E-002    2.15689072419794E+003    1.86726315617606E+005    2.12682145862995E+005
   1.67872163206099E-001    3.37724728778122E+000    1.30492438457252E+003    1.36201398196664E+004    3.78295154147132E-002    2.16024927469726E+003    1.88123460912217E+005    2.16117955073202E+005
   1.68266244085725E-001    3.37724728778122E+000    1.30883273960131E+003    1.37215138980401E+004    3.79972738333648E-002    2.16348191743933E+003    1.89523655236427E+005    2.19561262346798E+005
   1.68662405882840E-001    3.37724728778122E+000    1.31287434482950E+003    1.38279992512414E+004    3.81742703186999E-002    2.16681970070305E+003    1.90994447272773E+005    2.23178180962400E+005
   1.69058950279049E-001    3.37724728778122E+000    1.31672800633635E+003    1.39297960987231E+004    3.83427488876809E-002    2.16999748810285E+003    1.92400480948769E+005    2.26635848158849E+005
   1.69454232680593E-001    3.37724728778122E+000    1.32083994474078E+003    1.40354721007919E+004    3.85133582812183E-002    2.17338313062548E+003    1.93860094103096E+005    2.30225276071837E+005
   1.69848712401570E-001    3.37724728778122E+000    1.32475709964972E+003    1.41371960055594E+004    3.86777838980410E-002    2.17660349648679E+003    1.95265120283130E+005    2.33680465670631E+005
   1.70242306269863E-001    3.37724728778122E+000    1.32854702710292E+003    1.42379242418095E+004    3.88422433460186E-002    2.17971473773606E+003    1.96656394136839E+005    2.37101836045590E+005
   1.70634803087647E-001    3.37724728778122E+000    1.33232805178246E+003    1.43466747246176E+004    3.90278510501246E-002    2.18281425154469E+003    1.98158472490850E+005    2.40795692842785E+005
   1.71027614231818E-001    3.37724728778122E+000    1.33596166320154E+003    1.44485408547021E+004    3.91980582007567E-002    2.18578878109726E+003    1.99565463108785E+005    2.44255713316262E+005
   1.71420197921497E-001    3.37724728778122E+000    1.33950141197227E+003    1.45503382450037E+004    3.93699145745718E-002    2.18868258601728E+003    2.00971504282291E+005    2.47713398950319E+005
   1.71812016747946E-001    3.37724728778122E+000    1.34302481304159E+003    1.46585873849872E+004    3.95587575278360E-002    2.19155923177327E+003    2.02466658012289E+005    2.51390226962422E+005
   1.72205471768553E-001    3.37724728778122E+000    1.34644108102092E+003    1.47631344208358E+004    3.97398093391351E-002    2.19434480894154E+003    2.03910677711966E+005    2.54941308015343E+005
   1.72598285634729E-001    3.37724728778122E+000    1.34973226950483E+003    1.48664506038130E+004    3.99203389365471E-002    2.19702505784233E+003    2.05337696682935E+005    2.58450581490700E+005
   1.72990207744721E-001    3.37724728778122E+000    1.35293975978648E+003    1.49686469015066E+004    4.00994709544583E-002    2.19963400299404E+003    2.06749247626544E+005    2.61921816552250E+005
   1.73381178261725E-001    3.37724728778122E+000    1.35607326978662E+003    1.50698219688122E+004    4.02772235187903E-002    2.20217978848813E+003    2.08146693179348E+005    2.65358364146553E+005
   1.73771901783913E-001    3.37724728778122E+000    1.35915792571562E+003    1.51719668417068E+004    4.04581967258814E-002    2.20468301176313E+003    2.09557533835743E+005    2.68827852495456E+005
   1.74161527103468E-001    3.37724728778122E+000    1.36215089028628E+003    1.52734954098694E+004    4.06394460064316E-002    2.20710911302698E+003    2.10959861996621E+005    2.72276407223059E+005
   1.74549575881202E-001    3.37724728778122E+000    1.36508006258004E+003    1.53752592365025E+004    4.08224327436658E-002    2.20948092478883E+003    2.12365439583588E+005    2.75732952821855E+005
   1.74936052115196E-001    3.37724728778122E+000    1.36801725243544E+003    1.54829468811221E+004    4.10200899434053E-002    2.21185667475259E+003    2.13852837853471E+005    2.79390708886754E+005
   1.75324305665680E-001    3.37724728778122E+000    1.37091039827158E+003    1.55868527562945E+004    4.12082262334836E-002    2.21419430761026E+003    2.15288001743515E+005    2.82920012052711E+005
   1.75711963347437E-001    3.37724728778122E+000    1.37373232793246E+003    1.56891771311348E+004    4.13935435682692E-002    2.21647202338029E+003    2.16701321708325E+005    2.86395597427258E+005
   1.76097662149175E-001    3.37724728778122E+000    1.37648202365820E+003    1.57900682858027E+004    4.15765092234323E-002    2.21868918635561E+003    2.18094845816216E+005    2.89822501545969E+005
   1.76481090894841E-001    3.37724728778122E+000    1.37920773823889E+003    1.58972239451650E+004    4.17759337692644E-002    2.22088482803309E+003    2.19574896224102E+005    2.93462188014227E+005
   1.76863934399597E-001    3.37724728778122E+000    1.38187693835641E+003    1.59995185929439E+004    4.19635387959537E-002    2.22303284407268E+003    2.20987805594179E+005    2.96936763669046E+005
   1.77246390717337E-001    3.37724728778122E+000    1.38453671980000E+003    1.60987346513670E+004    4.21426481996813E-002    2.22517121794182E+003    2.22358193015728E+005    3.00306770884956E+005
   1.77628567078817E-001    3.37724728778122E+000    1.38721363525410E+003    1.62001589580270E+004    4.23263175506097E-002    2.22732129411524E+003    2.23759081100737E+005    3.03751784230030E+005
   1.78010754030546E-001    3.37724728778122E+000    1.38985398586841E+003    1.62990351262691E+004    4.25037528629100E-002    2.22943997046877E+003    2.25124773906957E+005    3.07110246617605E+005
   1.78393135666248E-001    3.37724728778122E+000    1.39256745033436E+003    1.64071151024272E+004    4.27022288741229E-002    2.23161521923923E+003    2.26617591120244E+005    3.10781328752263E+005
   1.78775388072982E-001    3.37724728778122E+000    1.39521994018382E+003    1.65099126446879E+004    4.28880854801837E-002    2.23373954028588E+003    2.28037446546062E+005    3.14272985896302E+005
   1.79157407735527E-001    3.37724728778122E+000    1.39770556986121E+003    1.65992885857577E+004    4.30435753785818E-002    2.23572839467909E+003    2.29271920756969E+005    3.17308760257037E+005
   1.79539401204124E-001    3.37724728778122E+000    1.40015202713506E+003    1.66886784487335E+004    4.31997578367602E-002    2.23768417949721E+003    2.30506587259379E+005    3.20345007494082E+005
   1.79921398096299E-001    3.37724728778122E+000    1.40256700165240E+003    1.67782872972112E+004    4.33569345185910E-002    2.23961312078290E+003    2.31744278423140E+005    3.23388692869001E+005
   1.80303351103561E-001    3.37724728778122E+000    1.40494421849077E+003    1.68679837177609E+004    4.35149662034449E-002    2.24151028219785E+003    2.32983179145795E+005    3.26435352747435E+005
   1.80684868264981E-001    3.37724728778122E+000    1.40727768817452E+003    1.69577531570208E+004    4.36740096760216E-002    2.24337097039865E+003    2.34223088414078E+005    3.29484492804823E+005
   1.81066218209466E-001    3.37724728778122E+000    1.40956957433763E+003    1.70475888886355E+004    4.38339901407108E-002    2.24519699921128E+003    2.35463913322537E+005    3.32535884571436E+005
   1.81448365853815E-001    3.37724728778122E+000    1.41184411543585E+003    1.71381232234618E+004    4.39957850922752E-002    2.24700774146461E+003    2.36714387445740E+005    3.35611005338189E+005
   1.81830317798170E-001    3.37724728778122E+000    1.41407761005493E+003    1.72284112964482E+004    4.41577101261292E-002    2.24878438817914E+003    2.37961460162628E+005    3.38677761489471E+005
   1.82211866664859E-001    3.37724728778122E+000    1.41628287716085E+003    1.73188348263051E+004    4.43203544116473E-002    2.25053720508343E+003    2.39210403830593E+005    3.41749118616019E+005
   1.82593151679644E-001    3.37724728778122E+000    1.41846407965508E+003    1.74096696600710E+004    4.44842985837500E-002    2.25226955279112E+003    2.40465028491256E+005    3.44834446234476E+005
   1.82974157615233E-001    3.37724728778122E+000    1.42061382730116E+003    1.75004925472972E+004    4.46486974282818E-002    2.25397561575412E+003    2.41719488144480E+005    3.47919368072603E+005
   1.83354864804327E-001    3.37724728778122E+000    1.42273599260754E+003    1.75916190198634E+004    4.48142416214524E-002    2.25565852342528E+003    2.42978140964999E+005    3.51014601596183E+005
   1.83735240779763E-001    3.37724728778122E+000    1.42482910878397E+003    1.76828419175296E+004    4.49804550045109E-002    2.25731716569654E+003    2.44238125623793E+005    3.54113110328312E+005
   1.84115211295776E-001    3.37724728778122E+000    1.42689107512810E+003    1.77738453860426E+004    4.51466089626734E-002    2.25894993317996E+003    2.45495079493455E+005    3.57204165853354E+005
   1.84494839915264E-001    3.37724728778122E+000    1.42892294253808E+003    1.78645879824757E+004    4.53125761765210E-002    2.26055771320365E+003    2.46748430157925E+005    3.60286360506420E+005
   1.84874325431130E-001    3.37724728778122E+000    1.43092435001295E+003    1.79550543927474E+004    4.54783405992244E-002    2.26214027369376E+003    2.47997966096760E+005    3.63359174124083E+005
   1.85253507335968E-001    3.37724728778122E+000    1.43290113639094E+003    1.80454365521548E+004    4.56442131423588E-002    2.26370227965685E+003    2.49246338349729E+005    3.66429126047526E+005
   1.85632357518037E-001    3.37724728778122E+000    1.43485288790854E+003    1.81358053748151E+004    4.58103942344764E-002    2.26524344700312E+003    2.50494526393501E+005    3.69498624970370E+005
   1.86010917926801E-001    3.37724728778122E+000    1.43677281856950E+003    1.82259646918603E+004    4.59766136041808E-002    2.26675846519987E+003    2.51739820713574E+005    3.72561007752482E+005
   1.86389221494889E-001    3.37724728778122E+000    1.43866368041045E+003    1.83162180695277E+004    4.61435586267842E-002    2.26824955612571E+003    2.52986414213393E+005    3.75626585430469E+005
   1.86767340718382E-001    3.37724728778122E+000    1.44052008520724E+003    1.84060705700474E+004    4.63101645005012E-002    2.26971252204434E+003    2.54227470736540E+005    3.78678546775552E+005
   1.87145200029569E-001    3.37724728778122E+000    1.44234913052170E+003    1.84960171914276E+004    4.64774596212877E-002    2.27115300529742E+003    2.55469827271453E+005    3.81733705062584E+005
   1.87522686722384E-001    3.37724728778122E+000    1.44414599334516E+003    1.85858570385651E+004    4.66451024718161E-002    2.27256725379852E+003    2.56710709024145E+005    3.84785236618482E+005
   1.87899834372385E-001    3.37724728778122E+000    1.44590231195682E+003    1.86753827985840E+004    4.68128540089357E-002    2.27394874132990E+003    2.57947252557365E+005    3.87826099781853E+005
   1.88276711225754E-001    3.37724728778122E+000    1.44763074837723E+003    1.87650021650034E+004    4.69813377339792E-002    2.27530747832604E+003    2.59185088996550E+005    3.90870142412842E+005
   1.88653359731956E-001    3.37724728778122E+000    1.44931350030140E+003    1.88537812843107E+004    4.71488045695466E-002    2.27662952333914E+003    2.60411319813705E+005    3.93885644917609E+005
   1.89029775987141E-001    3.37724728778122E+000    1.45097737774609E+003    1.89430121654335E+004    4.73176269185604E-002    2.27793598530492E+003    2.61643790434368E+005    3.96916492121634E+005
   1.89405846751822E-001    3.37724728778122E+000    1.45258960389188E+003    1.90315878273550E+004    4.74861161862007E-002    2.27920117675657E+003    2.62867211066893E+005    3.99925083921928E+005
   1.89781736957952E-001    3.37724728778122E+000    1.45415744386874E+003    1.91200104482638E+004    4.76553049928886E-002    2.28043086303374E+003    2.64088517873471E+005    4.02928477477858E+005
   1.90157378134313E-001    3.37724728778122E+000    1.45568640742597E+003    1.92086776981579E+004    4.78260156611750E-002    2.28162941951234E+003    2.65313203533126E+005    4.05940180187147E+005
   1.90532633509757E-001    3.37724728778122E+000    1.45594266660129E+003    1.92530023565972E+004    4.79279385335613E-002    2.28183023980597E+003    2.65925422516173E+005    4.07445726982268E+005
   1.90907531302209E-001    3.37724728778122E+000    1.45757273507052E+003    1.93450629398516E+004    4.81032555861488E-002    2.28310724716958E+003    2.67196977416836E+005    4.10572688835006E+005
   1.91282160102287E-001    3.37724728778122E+000    1.45903614912508E+003    1.94300703089550E+004    4.82661745239107E-002    2.28425308810900E+003    2.68371112241479E+005    4.13460078757941E+005
   1.91656544041583E-001    3.37724728778122E+000    1.46046842399435E+003    1.95143737835791E+004    4.84280527139529E-002    2.28537399103230E+003    2.69535524767576E+005    4.16323559955692E+005
   1.92030472601761E-001    3.37724728778122E+000    1.46185948678949E+003    1.95980885421373E+004    4.85895239215669E-002    2.28646211523796E+003    2.70691805857044E+005    4.19167044618388E+005
   1.92404103767861E-001    3.37724728778122E+000    1.46320620549076E+003    1.96812739354606E+004    4.87508543158584E-002    2.28751505926974E+003    2.71840775272669E+005    4.21992548677043E+005
   1.92777457262262E-001    3.37724728778122E+000    1.46451281707264E+003    1.97641849233561E+004    4.89125484092954E-002    2.28853618216489E+003    2.72985954558423E+005    4.24808732185308E+005
   1.93150623013359E-001    3.37724728778122E+000    1.46578030515445E+003    1.98469418675114E+004    4.90748831848680E-002    2.28952629469913E+003    2.74129006168402E+005    4.27619683390209E+005
   1.93523440309369E-001    3.37724728778122E+000    1.46700875254898E+003    1.99295516987934E+004    4.92378843136997E-002    2.29048550173625E+003    2.75270025832805E+005    4.30425637707992E+005
   1.93895923986789E-001    3.37724728778122E+000    1.46820328615805E+003    2.00120300974694E+004    4.94014293261956E-002    2.29141784285728E+003    2.76409230129886E+005    4.33227127740072E+005
   1.94268087536790E-001    3.37724728778122E+000    1.46936780646687E+003    2.00947193986574E+004    4.95662410608387E-002    2.29232639337315E+003    2.77551347444823E+005    4.36035781360377E+005
   1.94639963634872E-001    3.37724728778122E+000    1.47049973438937E+003    2.01767947612848E+004    4.97303808127347E-002    2.29320917055012E+003    2.78684984946165E+005    4.38823581729580E+005
   1.95011592686553E-001    3.37724728778122E+000    1.47160283205973E+003    2.02585774195222E+004    4.98945246478644E-002    2.29406913652298E+003    2.79814579569563E+005    4.41601439999469E+005
   1.95382816441681E-001    3.37724728778122E+000    1.47268034536151E+003    2.03403575582406E+004    5.00592860334024E-002    2.29490884600155E+003    2.80944139392977E+005    4.44379212690497E+005
   1.95753759611435E-001    3.37724728778122E+000    1.47374762866653E+003    2.04231420563626E+004    5.02266251423730E-002    2.29574028043263E+003    2.82087571582573E+005    4.47191099803036E+005
   1.96124466306965E-001    3.37724728778122E+000    1.47478125238931E+003    2.05053735950051E+004    5.03935132720443E-002    2.29654520647513E+003    2.83223366210996E+005    4.49984204901193E+005
   1.96494911393378E-001    3.37724728778122E+000    1.47577986145063E+003    2.05869317104071E+004    5.05597133654054E-002    2.29732259727805E+003    2.84349859414301E+005    4.52754436270886E+005
   1.96865071032585E-001    3.37724728778122E+000    1.47673920127862E+003    2.06680629326965E+004    5.07259898460276E-002    2.29806917035185E+003    2.85470456304436E+005    4.55510167640348E+005
   1.97235153861448E-001    3.37724728778122E+000    1.47766350469159E+003    2.07491877498304E+004    5.08932414041940E-002    2.29878824820409E+003    2.86590964725580E+005    4.58265681450066E+005
   1.97604546560936E-001    3.37724728778122E+000    1.47855397935385E+003    2.08302636894097E+004    5.10613322818320E-002    2.29948079572281E+003    2.87710798042441E+005    4.61019535067732E+005
   1.97973620884398E-001    3.37724728778122E+000    1.47940256613443E+003    2.09105342095492E+004    5.12286981228525E-002    2.30014057180614E+003    2.88819506782424E+005    4.63746031528026E+005
   1.98342383759422E-001    3.37724728778122E+000    1.48020427692130E+003    2.09894694957713E+004    5.13942302901385E-002    2.30076372800048E+003    2.89909773066678E+005    4.66427174967772E+005
   1.98710922128756E-001    3.37724728778122E+000    1.48095971288520E+003    2.10680170205550E+004    5.15602453223705E-002    2.30135076115090E+003    2.90994683530451E+005    4.69095147567372E+005
   1.99081563475594E-001    3.37724728778122E+000    1.48166450988337E+003    2.11476554938616E+004    5.17305275530333E-002    2.30189830885326E+003    2.92094662342604E+005    4.71800175704681E+005
   1.99451270543857E-001    3.37724728778122E+000    1.48243258811858E+003    2.12416552690235E+004    5.19335441820550E-002    2.30249487066112E+003    2.93393001659422E+005    4.74993004825535E+005
   1.99819053651503E-001    3.37724728778122E+000    1.48339486770066E+003    2.13572421072558E+004    5.21822688121489E-002    2.30324204944702E+003    2.94989504803446E+005    4.78919067653447E+005
   2.00184651352016E-001    3.37724728778122E+000    1.48402207789507E+003    2.14388964146477E+004    5.23596364939955E-002    2.30372892730194E+003    2.96117326625274E+005    4.81692566313791E+005
   2.00550657388077E-001    3.37724728778122E+000    1.48457998820411E+003    2.15175503391710E+004    5.25319817224443E-002    2.30416192400786E+003    2.97203706698574E+005    4.84364152924023E+005
   2.00918078951950E-001    3.37724728778122E+000    1.48510700724861E+003    2.15964104904682E+004    5.27057970419820E-002    2.30457087114216E+003    2.98292935207717E+005    4.87042744304727E+005
   2.01285733423714E-001    3.37724728778122E+000    1.48560503932968E+003    2.16752325448791E+004    5.28804278767690E-002    2.30495725879392E+003    2.99381637516820E+005    4.89720041673312E+005
   2.01653171260448E-001    3.37724728778122E+000    1.48607561593553E+003    2.17539143273730E+004    5.30555797541050E-002    2.30532228619181E+003    3.00468402368685E+005    4.92392574517082E+005
   2.02020406233984E-001    3.37724728778122E+000    1.48652068232812E+003    2.18324417621575E+004    5.32311579065322E-002    2.30566747208044E+003    3.01553035346306E+005    4.95059864732767E+005
   2.02387445749504E-001    3.37724728778122E+000    1.48694473451354E+003    2.19108453752538E+004    5.34070839095705E-002    2.30599631163995E+003    3.02635958079772E+005    4.97722949177841E+005
   2.02754294483931E-001    3.37724728778122E+000    1.48735052743190E+003    2.19891158142059E+004    5.35832428827375E-002    2.30631094779190E+003    3.03717041391525E+005    5.00381510183521E+005
   2.03120970414824E-001    3.37724728778122E+000    1.48774107963146E+003    2.20672803775900E+004    5.37595985499231E-002    2.30661372634859E+003    3.04796662333688E+005    5.03036474982765E+005
   2.03487454596969E-001    3.37724728778122E+000    1.48811748743830E+003    2.21452173999395E+004    5.39358201163883E-002    2.30690550175093E+003    3.05873140444172E+005    5.05683711043934E+005
   2.03853785849051E-001    3.37724728778122E+000    1.48848092563586E+003    2.22229731168105E+004    5.41119825813096E-002    2.30718718864722E+003    3.06947114335567E+005    5.08324788820033E+005
   2.04219971493953E-001    3.37724728778122E+000    1.48883234862378E+003    2.23005584288617E+004    5.42880823273490E-002    2.30745953031813E+003    3.08018734569447E+005    5.10960078566641E+005
   2.04586024436001E-001    3.37724728778122E+000    1.48917329981471E+003    2.23780048080469E+004    5.44641438108119E-002    2.30772372596087E+003    3.09088435841265E+005    5.13590649271106E+005
   2.04951951202154E-001    3.37724728778122E+000    1.48950339623919E+003    2.24552526044983E+004    5.46400396748148E-002    2.30797948166809E+003    3.10155394257895E+005    5.16214474845230E+005
   2.05317768621502E-001    3.37724728778122E+000    1.48982371684861E+003    2.25323565344717E+004    5.48158672874345E-002    2.30822763607097E+003    3.11220365568660E+005    5.18833413800430E+005
   2.05683467061396E-001    3.37724728778122E+000    1.49013365277748E+003    2.26092377370874E+004    5.49914608127549E-002    2.30846772000337E+003    3.12282260534985E+005    5.21444787520578E+005
   2.06049060434115E-001    3.37724728778122E+000    1.49043446303407E+003    2.26859324946722E+004    5.51668656964601E-002    2.30870071109266E+003    3.13341580293938E+005    5.24049828383834E+005
   2.06414559424266E-001    3.37724728778122E+000    1.49072595994191E+003    2.27624396220602E+004    5.53420893599045E-002    2.30892646614370E+003    3.14398308475825E+005    5.26648496134438E+005
   2.06779973206334E-001    3.37724728778122E+000    1.49100806480748E+003    2.28387510362784E+004    5.55171184746881E-002    2.30914492634195E+003    3.15452333437383E+005    5.29240516223314E+005
   2.07145311309034E-001    3.37724728778122E+000    1.49128201933231E+003    2.29149097427273E+004    5.56920146064446E-002    2.30935705518970E+003    3.16504249175801E+005    5.31827349386880E+005
   2.07510569754487E-001    3.37724728778122E+000    1.49154771004047E+003    2.29908404089702E+004    5.58666018917519E-002    2.30956276657657E+003    3.17553015187907E+005    5.34406436857341E+005
   2.07875755895398E-001    3.37724728778122E+000    1.49180650151674E+003    2.30665687270220E+004    5.60408945547853E-002    2.30976311861033E+003    3.18598986335750E+005    5.36978651298626E+005
   2.08240868665848E-001    3.37724728778122E+000    1.49205907521485E+003    2.31420516623417E+004    5.62147649561722E-002    2.30995864018812E+003    3.19641568219648E+005    5.39542530984520E+005
   2.08605924135560E-001    3.37724728778122E+000    1.49230540694839E+003    2.32172941013724E+004    5.63882282653334E-002    2.31014931381565E+003    3.20680828331905E+005    5.42098241889654E+005
   2.08970934043760E-001    3.37724728778122E+000    1.49254761663342E+003    2.32923569192672E+004    5.65613543487367E-002    2.31033678141872E+003    3.21717607489473E+005    5.44647851720688E+005
   2.09335866556709E-001    3.37724728778122E+000    1.49278074228393E+003    2.33667654061624E+004    5.67331808197220E-002    2.31051720371457E+003    3.22745348926881E+005    5.47175236316964E+005
   2.09700849251843E-001    3.37724728778122E+000    1.49301945769266E+003    2.34409646235773E+004    5.69042325699778E-002    2.31070193747839E+003    3.23770199902120E+005    5.49695512793147E+005
   2.10065800263270E-001    3.37724728778122E+000    1.49329014900121E+003    2.35162433057613E+004    5.70766274611371E-002    2.31091139844006E+003    3.24809960610370E+005    5.52252454745853E+005
   2.10430716052806E-001    3.37724728778122E+000    1.49354934896087E+003    2.35909953325598E+004    5.72481223043544E-002    2.31111194960265E+003    3.25842447073632E+005    5.54791508138207E+005
   2.10795599226145E-001    3.37724728778122E+000    1.49379892247615E+003    2.36654502060053E+004    5.74192066807474E-002    2.31130503603808E+003    3.26870829209190E+005    5.57320468316215E+005
   2.11160461499181E-001    3.37724728778122E+000    1.49404262086482E+003    2.37397563152924E+004    5.75900994796862E-002    2.31149356152627E+003    3.27897156591367E+005    5.59844375518977E+005
   2.11525307536314E-001    3.37724728778122E+000    1.49427947325951E+003    2.38139242762575E+004    5.77608660879262E-002    2.31167677620876E+003    3.28921575847725E+005    5.62363590327691E+005
   2.11890144006749E-001    3.37724728778122E+000    1.49450975235719E+003    2.38879630302653E+004    5.79315200256784E-002    2.31185489226545E+003    3.29944210477765E+005    5.64878416447868E+005
   2.12254970884505E-001    3.37724728778122E+000    1.49473274534921E+003    2.39618650331612E+004    5.81020730113120E-002    2.31202735959460E+003    3.30964956280466E+005    5.67388597632122E+005
   2.12619780790363E-001    3.37724728778122E+000    1.49494849413728E+003    2.40356080278408E+004    5.82724719897941E-002    2.31219421186432E+003    3.31983505837287E+005    5.69893377887889E+005
   2.12984604127781E-001    3.37724728778122E+000    1.49515811132371E+003    2.41092840920675E+004    5.84428992193330E-002    2.31235631064509E+003    3.33001130940423E+005    5.72395884760567E+005
   2.13349406895483E-001    3.37724728778122E+000    1.49536127273372E+003    2.41828149951551E+004    5.86131798792337E-002    2.31251340627518E+003    3.34016751055634E+005    5.74893461039408E+005
   2.13714195242759E-001    3.37724728778122E+000    1.49555788264775E+003    2.42561439728620E+004    5.87831824321926E-002    2.31266542576590E+003    3.35029582146506E+005    5.77384178650402E+005
   2.14078983491403E-001    3.37724728778122E+000    1.49574903745913E+003    2.43293343712726E+004    5.89530195043876E-002    2.31281321777156E+003    3.36040499158875E+005    5.79870189228722E+005
   2.14443780600256E-001    3.37724728778122E+000    1.49593504104104E+003    2.44023956094150E+004    5.91227038281468E-002    2.31295701802105E+003    3.37049632189802E+005    5.82351812704361E+005
   2.14808583788635E-001    3.37724728778122E+000    1.49611674499859E+003    2.44753699672099E+004    5.92923058877474E-002    2.31309748557844E+003    3.38057565216041E+005    5.84830485171842E+005
   2.15173362226120E-001    3.37724728778122E+000    1.49629321114177E+003    2.45481140091234E+004    5.94615170225163E-002    2.31323389584118E+003    3.39062317083988E+005    5.87301334649834E+005
   2.15538113634031E-001    3.37724728778122E+000    1.49646432203136E+003    2.46206082903295E+004    5.96302967324643E-002    2.31336615875305E+003    3.40063619218724E+005    5.89763700668599E+005
   2.15902875773554E-001    3.37724728778122E+000    1.49663162623978E+003    2.46930274982769E+004    5.97990081432983E-002    2.31349547191851E+003    3.41063884430093E+005    5.92223516722897E+005
   2.16267610897735E-001    3.37724728778122E+000    1.49679426009809E+003    2.47652771319698E+004    5.99674583393887E-002    2.31362116833813E+003    3.42061807455840E+005    5.94677572958970E+005
   2.16632348314410E-001    3.37724728778122E+000    1.49695353946930E+003    2.48374682763036E+004    6.01358650776499E-002    2.31374426552375E+003    3.43058922617586E+005    5.97129642525093E+005
   2.16997030065779E-001    3.37724728778122E+000    1.49710785000484E+003    2.49094190623090E+004    6.03038542394399E-002    2.31386351635777E+003    3.44052717913221E+005    5.99573547996468E+005
   2.17361682418534E-001    3.37724728778122E+000    1.49725706618835E+003    2.49811501205513E+004    6.04714826358096E-002    2.31397882444341E+003    3.45043478295282E+005    6.02009990118072E+005
   2.17726333434314E-001    3.37724728778122E+000    1.49740276970118E+003    2.50528535668435E+004    6.06391530403128E-002    2.31409141253831E+003    3.46033857296850E+005    6.04445494362556E+005
   2.18091142414484E-001    3.37724728778122E+000    1.49754723794762E+003    2.51248223557969E+004    6.08074831614164E-002    2.31420304070945E+003    3.47027901251965E+005    6.06890011328337E+005
   2.18456549916500E-001    3.37724728778122E+000    1.49770542482404E+003    2.51989790358928E+004    6.09805168929022E-002    2.31432526285858E+003    3.48052164695228E+005    6.09408842967118E+005
   2.18822071929835E-001    3.37724728778122E+000    1.49787706702221E+003    2.52753229448699E+004    6.11582571386641E-002    2.31445787388086E+003    3.49106638479382E+005    6.12001966784300E+005
   2.19186396288780E-001    3.37724728778122E+000    1.49800147704830E+003    2.53464039506761E+004    6.13251570875839E-002    2.31455398850605E+003    3.50088420237456E+005    6.14416328998321E+005
   2.19550722567289E-001    3.37724728778122E+000    1.49811494971862E+003    2.54165603489966E+004    6.14902413528258E-002    2.31464164985093E+003    3.51057431175077E+005    6.16799285672272E+005
   2.19915034352321E-001    3.37724728778122E+000    1.49822494027709E+003    2.54866140673743E+004    6.16551955132991E-002    2.31472661798205E+003    3.52025023881576E+005    6.19178754683505E+005
   2.20279334482665E-001    3.37724728778122E+000    1.49833144477779E+003    2.55565616351166E+004    6.18200125150902E-002    2.31480889014792E+003    3.52991150419210E+005    6.21554618145262E+005
   2.20643618599018E-001    3.37724728778122E+000    1.49843431865974E+003    2.56263754645533E+004    6.19846327891456E-002    2.31488835497193E+003    3.53955429742848E+005    6.23925939005124E+005
   2.21007889968584E-001    3.37724728778122E+000    1.49853363394972E+003    2.56960513403901E+004    6.21490443901072E-002    2.31496506837740E+003    3.54917803630198E+005    6.26292574084936E+005
   2.21372151239147E-001    3.37724728778122E+000    1.49862957008777E+003    2.57655987910343E+004    6.23132641136796E-002    2.31503916923471E+003    3.55878403689085E+005    6.28654847029905E+005
   2.21736404535482E-001    3.37724728778122E+000    1.49872219214900E+003    2.58350181767835E+004    6.24772912660287E-002    2.31511070805623E+003    3.56837234895992E+005    6.31012770078019E+005
   2.22100648601079E-001    3.37724728778122E+000    1.49881162916896E+003    2.59043060783255E+004    6.26411133095292E-002    2.31517978473860E+003    3.57794250022857E+005    6.33366227087732E+005
   2.22464880001140E-001    3.37724728778122E+000    1.49889779614138E+003    2.59734406151305E+004    6.28046819791575E-002    2.31524633385046E+003    3.58749146852442E+005    6.35714474857341E+005
   2.22829102591726E-001    3.37724728778122E+000    1.49898083929157E+003    2.60424298234170E+004    6.29680116773518E-002    2.31531046853882E+003    3.59702036382233E+005    6.38057786347844E+005
   2.23193316056889E-001    3.37724728778122E+000    1.49906088824709E+003    2.61112777092729E+004    6.31311076915940E-002    2.31537228911236E+003    3.60652973944930E+005    6.40396297631424E+005
   2.23557519815519E-001    3.37724728778122E+000    1.49913791177959E+003    2.61799822345415E+004    6.32939674274852E-002    2.31543177164019E+003    3.61601931389199E+005    6.42729939479334E+005
   2.23921714359924E-001    3.37724728778122E+000    1.49921188168728E+003    2.62485379089976E+004    6.34565798283132E-002    2.31548889452409E+003    3.62548832883209E+005    6.45058525408677E+005
   2.24285899607728E-001    3.37724728778122E+000    1.49928284896081E+003    2.63169499227546E+004    6.36189563072444E-002    2.31554369731453E+003    3.63493750113599E+005    6.47382231708647E+005
   2.24650073723218E-001    3.37724728778122E+000    1.49935077127179E+003    2.63852066874080E+004    6.37810716612307E-002    2.31559614749027E+003    3.64436523019552E+005    6.49700664763464E+005
   2.25014237550414E-001    3.37724728778122E+000    1.49941575647892E+003    2.64533160182856E+004    6.39429412049596E-002    2.31564632849784E+003    3.65377259547573E+005    6.52014090031274E+005
   2.25378391439985E-001    3.37724728778122E+000    1.49947778842923E+003    2.65212774455861E+004    6.41045654765806E-002    2.31569422801194E+003    3.66315953208693E+005    6.54322491554637E+005
   2.25742535344774E-001    3.37724728778122E+000    1.49953678866314E+003    2.65890854418540E+004    6.42659354641377E-002    2.31573978559146E+003    3.67252527656852E+005    6.56625681586084E+005
   2.26106667873212E-001    3.37724728778122E+000    1.49959297636929E+003    2.66567464164575E+004    6.44270582502481E-002    2.31578317061834E+003    3.68187071419224E+005    6.58923877828438E+005
   2.26470788226629E-001    3.37724728778122E+000    1.49964627447280E+003    2.67242466912854E+004    6.45879050311179E-002    2.31582432370334E+003    3.69119395571640E+005    6.61216615686217E+005
   2.26834895607012E-001    3.37724728778122E+000    1.49969681911567E+003    2.67915940339576E+004    6.47484896604496E-002    2.31586335008212E+003    3.70049607401657E+005    6.63504158997098E+005
   2.27198989710990E-001    3.37724728778122E+000    1.49974453543403E+003    2.68587795762687E+004    6.49087948578052E-002    2.31590019205996E+003    3.70977584420260E+005    6.65786206540526E+005
   2.27563071637358E-001    3.37724728778122E+000    1.49978912650688E+003    2.69258069370602E+004    6.50688431840692E-002    2.31593462049231E+003    3.71903376611446E+005    6.68062881235338E+005
   2.27927141133996E-001    3.37724728778122E+000    1.49983085099358E+003    2.69926841646000E+004    6.52286438622627E-002    2.31596683519153E+003    3.72827095139126E+005    6.70334456451804E+005
   2.28291198090648E-001    3.37724728778122E+000    1.49986965611242E+003    2.70593572306032E+004    6.53880695727469E-002    2.31599679549902E+003    3.73747993756337E+005    6.72599097046370E+005
   2.28655252184920E-001    3.37724728778122E+000    1.49990760197150E+003    2.71259096284079E+004    6.55472330010832E-002    2.31602609202217E+003    3.74667225685875E+005    6.74859638982852E+005
   2.29019292299026E-001    3.37724728778122E+000    1.49994676389351E+003    2.71925106224984E+004    6.57064525310410E-002    2.31605632703166E+003    3.75587128834770E+005    6.77121831557715E+005
   2.29383314993559E-001    3.37724728778122E+000    1.49998076576156E+003    2.72588452835173E+004    6.58652467926293E-002    2.31608257789511E+003    3.76503353350418E+005    6.79374977770654E+005
   2.29747322038938E-001    3.37724728778122E+000    1.50001086658288E+003    2.73250261895430E+004    6.60238340535002E-002    2.31610581673912E+003    3.77417454178507E+005    6.81622901487911E+005
   2.30111314013716E-001    3.37724728778122E+000    1.50003707114096E+003    2.73910581653971E+004    6.61822270100733E-002    2.31612604734734E+003    3.78329497960218E+005    6.83865766591062E+005
   2.30475290946967E-001    3.37724728778122E+000    1.50005957214743E+003    2.74569433737128E+004    6.63404236093262E-002    2.31614341857527E+003    3.79239514566168E+005    6.86103646536854E+005
   2.30839253261492E-001    3.37724728778122E+000    1.50007857329067E+003    2.75226825781567E+004    6.64984178474339E-002    2.31615808773719E+003    3.80147514544240E+005    6.88336567264255E+005
   2.31203200933336E-001    3.37724728778122E+000    1.50009393468414E+003    2.75882747211842E+004    6.66562144986076E-002    2.31616994689086E+003    3.81053483287466E+005    6.90564492852341E+005
   2.31567133387406E-001    3.37724728778122E+000    1.50010573011549E+003    2.76537152456274E+004    6.68138004205421E-002    2.31617905304390E+003    3.81957357851543E+005    6.92787268510753E+005
   2.31931053930039E-001    3.37724728778122E+000    1.50011406205034E+003    2.77190193029423E+004    6.69712087745751E-002    2.31618548533257E+003    3.82859347510705E+005    6.95005408879129E+005
   2.32294957305377E-001    3.37724728778122E+000    1.50011884727638E+003    2.77841658410081E+004    6.71283935142680E-002    2.31618917953908E+003    3.83759161489832E+005    6.97218198893799E+005
   2.32658845791603E-001    3.37724728778122E+000    1.50012015675041E+003    2.78491526424251E+004    6.72853472166204E-002    2.31619019045528E+003    3.84656769161856E+005    6.99425563237786E+005
   2.33022721013955E-001    3.37724728778122E+000    1.50011813453471E+003    2.79139880397168E+004    6.74420846284273E-002    2.31618862930109E+003    3.85552285616873E+005    7.01627784936496E+005
   2.33386585857340E-001    3.37724728778122E+000    1.50011292361209E+003    2.79786773507559E+004    6.75986131983808E-002    2.31618460645451E+003    3.86445784306155E+005    7.03825044618637E+005
   2.33750439031466E-001    3.37724728778122E+000    1.50010461288132E+003    2.80432205199116E+004    6.77549297727996E-002    2.31617819053308E+003    3.87337264461319E+005    7.06017340394635E+005
   2.34114279006791E-001    3.37724728778122E+000    1.50009318147169E+003    2.81076001581438E+004    6.79109942482489E-002    2.31616936540452E+003    3.88226485902279E+005    7.08204081622301E+005
   2.34478108081029E-001    3.37724728778122E+000    1.50007870153563E+003    2.81718178398710E+004    6.80668081230185E-002    2.31615818674386E+003    3.89113470375144E+005    7.10385321778880E+005
   2.34841931726772E-001    3.37724728778122E+000    1.50006146863241E+003    2.82359002684871E+004    6.82224234175093E-002    2.31614488269373E+003    3.89998586711285E+005    7.12561967881149E+005
   2.35205747297572E-001    3.37724728778122E+000    1.50004143134710E+003    2.82998299475329E+004    6.83778010505670E-002    2.31612941352403E+003    3.90881593246926E+005    7.14733425638285E+005
   2.35569558306452E-001    3.37724728778122E+000    1.50001876677554E+003    2.83636228666484E+004    6.85329724275798E-002    2.31611191591429E+003    3.91762710833426E+005    7.16900238159969E+005
   2.35933359248074E-001    3.37724728778122E+000    1.49999331864031E+003    2.84272472262554E+004    6.86878686745159E-002    2.31609226916702E+003    3.92641500250134E+005    7.19061325330647E+005
   2.36297157434658E-001    3.37724728778122E+000    1.49996526725629E+003    2.84907191731847E+004    6.88425213797888E-002    2.31607061243809E+003    3.93518184519551E+005    7.21217235599197E+005
   2.36660954327114E-001    3.37724728778122E+000    1.49993482658770E+003    2.85540575710024E+004    6.89969670738480E-002    2.31604711086202E+003    3.94393024188150E+005    7.23368609692086E+005
   2.37024781703395E-001    3.37724728778122E+000    1.49990264012398E+003    2.86173424536609E+004    6.91513702100878E-002    2.31602226119359E+003    3.95267124697159E+005    7.25518166070429E+005
   2.37388690790174E-001    3.37724728778122E+000    1.49987050399384E+003    2.86808273065021E+004    6.93062608686133E-002    2.31599745011936E+003    3.96143987225013E+005    7.27674514705683E+005
   2.37752565781331E-001    3.37724728778122E+000    1.49983713170243E+003    2.87443221304258E+004    6.94612395096378E-002    2.31597168437108E+003    3.97020987474987E+005    7.29831202022199E+005
   2.38116293666392E-001    3.37724728778122E+000    1.49979532257371E+003    2.88068127283232E+004    6.96141898612187E-002    2.31593940438846E+003    3.97884117201008E+005    7.31953779447544E+005
   2.38480039083660E-001    3.37724728778122E+000    1.49975144656174E+003    2.88691591841325E+004    6.97668965479381E-002    2.31590552812325E+003    3.98745256014394E+005    7.34071460892495E+005
   2.38843788493814E-001    3.37724728778122E+000    1.49970568136519E+003    2.89313722952107E+004    6.99193779894300E-002    2.31587019270801E+003    3.99604553049895E+005    7.36184613103841E+005
   2.39207542508577E-001    3.37724728778122E+000    1.49965807512788E+003    2.89934563920695E+004    7.00716429578316E-002    2.31583343524876E+003    4.00462068121204E+005    7.38293383173254E+005
   2.39571299974322E-001    3.37724728778122E+000    1.49960859940546E+003    2.90554055959288E+004    7.02236791169596E-002    2.31579523371498E+003    4.01317720029707E+005    7.40397571420035E+005
   2.39935060739335E-001    3.37724728778122E+000    1.49955726271913E+003    2.91172199715538E+004    7.03754867694224E-002    2.31575559461480E+003    4.02171509669949E+005    7.42497180044021E+005
   2.40298824339603E-001    3.37724728778122E+000    1.49950407497997E+003    2.91789002736272E+004    7.05270678149115E-002    2.31571452552735E+003    4.03023447465728E+005    7.44592234679032E+005
   2.40662590336862E-001    3.37724728778122E+000    1.49944903344363E+003    2.92404466965561E+004    7.06784233899568E-002    2.31567202425743E+003    4.03873536102221E+005    7.46682741928366E+005
   2.41026357317914E-001    3.37724728778122E+000    1.49939210997079E+003    2.93018562500602E+004    7.08295481321717E-002    2.31562806899729E+003    4.04721734277220E+005    7.48768600223122E+005
   2.41390124401176E-001    3.37724728778122E+000    1.49933326722848E+003    2.93631250558164E+004    7.09804349765280E-002    2.31558263083549E+003    4.05567988422729E+005    7.50849677830822E+005
   2.41753891870454E-001    3.37724728778122E+000    1.49927251262636E+003    2.94242557813018E+004    7.11310905713799E-002    2.31553571540659E+003    4.06412335382354E+005    7.52926065355928E+005
   2.42117659350823E-001    3.37724728778122E+000    1.49920984183915E+003    2.94852490811047E+004    7.12815172531194E-002    2.31548731928067E+003    4.07254784197365E+005    7.54997785032406E+005
   2.42481426529160E-001    3.37724728778122E+000    1.49914522975926E+003    2.95461036531932E+004    7.14317136183531E-002    2.31543742297548E+003    4.08095316883901E+005    7.57064792634995E+005
   2.42845193588435E-001    3.37724728778122E+000    1.49907866408953E+003    2.96068192664447E+004    7.15816802492080E-002    2.31538601689731E+003    4.08933930249661E+005    7.59127080313302E+005
   2.43208960563772E-001    3.37724728778122E+000    1.49901014774353E+003    2.96673959599532E+004    7.17314176565148E-002    2.31533310319571E+003    4.09770624834616E+005    7.61184649395205E+005
   2.43572727672870E-001    3.37724728778122E+000    1.49893968278151E+003    2.97278328748546E+004    7.18809242179281E-002    2.31527868335846E+003    4.10605388776002E+005    7.63237470708227E+005
   2.43936495418967E-001    3.37724728778122E+000    1.49886729089718E+003    2.97881313093287E+004    7.20302025805787E-002    2.31522277403393E+003    4.11438240004482E+005    7.65285588346801E+005
   2.44300264190001E-001    3.37724728778122E+000    1.49879299323574E+003    2.98482913287641E+004    7.21792524269650E-002    2.31516539144556E+003    4.12269179423208E+005    7.67329004531929E+005
   2.44664034346451E-001    3.37724728778122E+000    1.49871679384733E+003    2.99083123178511E+004    7.23280726082211E-002    2.31510653861198E+003    4.13098198533432E+005    7.69367698363798E+005
   2.45027805839424E-001    3.37724728778122E+000    1.49863873553965E+003    2.99681949599543E+004    7.24766632382920E-002    2.31504624848501E+003    4.13925306773888E+005    7.71401693053799E+005
   2.45391578748957E-001    3.37724728778122E+000    1.49855882893735E+003    3.00279377612746E+004    7.26250207064943E-002    2.31498452915885E+003    4.14750483511996E+005    7.73430937863037E+005
   2.45755352848639E-001    3.37724728778122E+000    1.49847706368932E+003    3.00875419035895E+004    7.27731488855815E-002    2.31492137252376E+003    4.15573745070647E+005    7.75455472932177E+005
   2.46119127956456E-001    3.37724728778122E+000    1.49839346552283E+003    3.01470063873251E+004    7.29210446193786E-002    2.31485679833501E+003    4.16395077643574E+005    7.77475264309344E+005
   2.46482903742200E-001    3.37724728778122E+000    1.49830805532077E+003    3.02063323962599E+004    7.30687102568897E-002    2.31479082260534E+003    4.17214497581305E+005    7.79490352203169E+005
   2.46846679333517E-001    3.37724728778122E+000    1.49822082467637E+003    3.02655190404270E+004    7.32161445524345E-002    2.31472343872076E+003    4.18031992591483E+005    7.81500706384729E+005
   2.47210454664273E-001    3.37724728778122E+000    1.49813180384056E+003    3.03245630290197E+004    7.33633385603242E-002    2.31465466992756E+003    4.18847517220979E+005    7.83506215077335E+005
   2.47574229269971E-001    3.37724728778122E+000    1.49804128278115E+003    3.03834793317974E+004    7.35103147545242E-002    2.31458474011315E+003    4.19661278234407E+005    7.85507386749050E+005
   2.47938000641610E-001    3.37724728778122E+000    1.49794924510772E+003    3.04422803599943E+004    7.36571043728930E-002    2.31451363650972E+003    4.20473447057639E+005    7.87504642964181E+005
   2.48301767586765E-001    3.37724728778122E+000    1.49785490813799E+003    3.05009226231833E+004    7.38036411573920E-002    2.31444075432049E+003    4.21283422994224E+005    7.89496506511731E+005
   2.48665529740530E-001    3.37724728778122E+000    1.49775847826398E+003    3.05594268990736E+004    7.39499658242130E-002    2.31436625283798E+003    4.22091493029066E+005    7.91483683134601E+005
   2.49029286609256E-001    3.37724728778122E+000    1.49765993661172E+003    3.06177926334269E+004    7.40960785383350E-002    2.31429011732310E+003    4.22897649506944E+005    7.93466154007348E+005
   2.49393037901556E-001    3.37724728778122E+000    1.49755927478246E+003    3.06760202180688E+004    7.42419812407030E-002    2.31421234112519E+003    4.23701897839812E+005    7.95443932438855E+005
   2.49756783660258E-001    3.37724728778122E+000    1.49745648121827E+003    3.07341097850484E+004    7.43876754024542E-002    2.31413291514816E+003    4.24504239851553E+005    7.97417022914348E+005
   2.50120524213769E-001    3.37724728778122E+000    1.49735158349518E+003    3.07920613607199E+004    7.45331602940488E-002    2.31405186053052E+003    4.25304675906173E+005    7.99385426328978E+005
   2.50484260230854E-001    3.37724728778122E+000    1.49724460569298E+003    3.08498746881868E+004    7.46784346619717E-002    2.31396919570862E+003    4.26103202455381E+005    8.01349133956917E+005
   2.50847992922323E-001    3.37724728778122E+000    1.49713556746268E+003    3.09075520999791E+004    7.48235037312780E-002    2.31388493569560E+003    4.26899851716438E+005    8.03308225025684E+005
   2.51211722762350E-001    3.37724728778122E+000    1.49702449264518E+003    3.09650903117264E+004    7.49683589105353E-002    2.31379909874142E+003    4.27694578325116E+005    8.05262587977215E+005
   2.51575451474354E-001    3.37724728778122E+000    1.49691142934864E+003    3.10224902350916E+004    7.51130005367222E-002    2.31371172184994E+003    4.28487394873442E+005    8.07212253777367E+005
   2.51939180594756E-001    3.37724728778122E+000    1.49679644361197E+003    3.10797531938340E+004    7.52574290229297E-002    2.31362285588539E+003    4.29278319645385E+005    8.09157267389413E+005
   2.52302912035719E-001    3.37724728778122E+000    1.49667961930634E+003    3.11368809246991E+004    7.54016448569408E-002    2.31353256549923E+003    4.30067376629138E+005    8.11097687804248E+005
   2.52666646902947E-001    3.37724728778122E+000    1.49656102720073E+003    3.11938731448607E+004    7.55456442631423E-002    2.31344090522337E+003    4.30854561918263E+005    8.13033505415309E+005
   2.53030386484189E-001    3.37724728778122E+000    1.49644072972629E+003    3.12507281026681E+004    7.56894203001613E-002    2.31334792315115E+003    4.31639851318692E+005    8.14964660725412E+005
   2.53394132577667E-001    3.37724728778122E+000    1.49631881268608E+003    3.13074471332338E+004    7.58329722911537E-002    2.31325368544736E+003    4.32423263271205E+005    8.16891199083457E+005
   2.53757886934811E-001    3.37724728778122E+000    1.49619537498938E+003    3.13640341753097E+004    7.59763051661777E-002    2.31315826841672E+003    4.33204852178444E+005    8.18813254274457E+005
   2.54121650443242E-001    3.37724728778122E+000    1.49607047433990E+003    3.14204869234727E+004    7.61194107869940E-002    2.31306171652092E+003    4.33984586197554E+005    8.20730747991615E+005
   2.54485424333685E-001    3.37724728778122E+000    1.49594418991280E+003    3.14768076124022E+004    7.62622908944308E-002    2.31296409082642E+003    4.34762496194269E+005    8.22643756138825E+005
   2.54849208846920E-001    3.37724728778122E+000    1.49581655815867E+003    3.15329919911595E+004    7.64049336659507E-002    2.31286541937762E+003    4.35538523453972E+005    8.24552134327224E+005
   2.55213005768589E-001    3.37724728778122E+000    1.49568766309054E+003    3.15890439607552E+004    7.65473445796259E-002    2.31276576699489E+003    4.36312721858019E+005    8.26456015059895E+005
   2.55576815393672E-001    3.37724728778122E+000    1.49555756548105E+003    3.16449649542772E+004    7.66895242930784E-002    2.31266518053952E+003    4.37085111200442E+005    8.28355447013607E+005
   2.55940642672681E-001    3.37724728778122E+000    1.49542640359299E+003    3.17007704156608E+004    7.68315034160126E-002    2.31256376679608E+003    4.37855904795242E+005    8.30250954762443E+005
   2.56304493573773E-001    3.37724728778122E+000    1.49529442247308E+003    3.17564937472645E+004    7.69733505472321E-002    2.31246171513721E+003    4.38625564000922E+005    8.32143672862554E+005
   2.56668346086685E-001    3.37724728778122E+000    1.49516128934322E+003    3.18120777776496E+004    7.71149444604469E-002    2.31235876814758E+003    4.39393299156797E+005    8.34031659408930E+005
   2.57032195257891E-001    3.37724728778122E+000    1.49502629688444E+003    3.18674105017112E+004    7.72560504328373E-002    2.31225437872686E+003    4.40157563231174E+005    8.35911109997144E+005
   2.57396059805270E-001    3.37724728778122E+000    1.49489032534508E+003    3.19226232110114E+004    7.73969416032494E-002    2.31214922742054E+003    4.40920169643254E+005    8.37786484122149E+005
   2.57759937117426E-001    3.37724728778122E+000    1.49475334361267E+003    3.19777106835694E+004    7.75376071418827E-002    2.31204329006269E+003    4.41681046266234E+005    8.39657604412325E+005
   2.58123826572523E-001    3.37724728778122E+000    1.49461534401730E+003    3.20326738282491E+004    7.76780498745029E-002    2.31193656061320E+003    4.42440205653485E+005    8.41524501738460E+005
   2.58487727437565E-001    3.37724728778122E+000    1.49447630132335E+003    3.20875116579510E+004    7.78182689464794E-002    2.31182901944366E+003    4.43197634171035E+005    8.43387142572389E+005
   2.58851639190135E-001    3.37724728778122E+000    1.49433619584066E+003    3.21422242162442E+004    7.79582657219054E-002    2.31172065121057E+003    4.43953332420669E+005    8.45245528393994E+005
   2.59215561361487E-001    3.37724728778122E+000    1.49419500819934E+003    3.21968115302812E+004    7.80980415152595E-002    2.31161144081441E+003    4.44707300777418E+005    8.47099660125545E+005
   2.59579493607896E-001    3.37724728778122E+000    1.49405272026255E+003    3.22512736247448E+004    7.82375975772493E-002    2.31150137410573E+003    4.45459539582208E+005    8.48949538605432E+005
   2.59943435559664E-001    3.37724728778122E+000    1.49390931395864E+003    3.23056100261462E+004    7.83769339528277E-002    2.31139043698190E+003    4.46210042295138E+005    8.50795147750964E+005
   2.60307387062680E-001    3.37724728778122E+000    1.49376477696480E+003    3.23598204229919E+004    7.85160507836106E-002    2.31127861978414E+003    4.46958804613813E+005    8.52636476981848E+005
   2.60671348156884E-001    3.37724728778122E+000    1.49361910687845E+003    3.24139054169221E+004    7.86549499082520E-002    2.31116592052587E+003    4.47705834848178E+005    8.54473546733602E+005
   2.61035318860552E-001    3.37724728778122E+000    1.49347230407579E+003    3.24678652757486E+004    7.87936322092773E-002    2.31105233936913E+003    4.48451136697290E+005    8.56306366102812E+005
   2.61399299225582E-001    3.37724728778122E+000    1.49332436656646E+003    3.25216998004355E+004    7.89320975604531E-002    2.31093787464384E+003    4.49194707412037E+005    8.58134928328963E+005
   2.61763289474081E-001    3.37724728778122E+000    1.49317529852531E+003    3.25754090767650E+004    7.90703462001106E-002    2.31082252944916E+003    4.49936548177256E+005    8.59959236325760E+005
   2.62127289932986E-001    3.37724728778122E+000    1.49302510938593E+003    3.26289934009332E+004    7.92083785959420E-002    2.31070631095329E+003    4.50676663084050E+005    8.61779300153898E+005
   2.62491301059672E-001    3.37724728778122E+000    1.49287381117754E+003    3.26824530409167E+004    7.93461950048964E-002    2.31058922833351E+003    4.51415055833756E+005    8.63595128915573E+005
   2.62855323456353E-001    3.37724728778122E+000    1.49272141861466E+003    3.27357883808455E+004    7.94837958176535E-002    2.31047129284623E+003    4.52151731732035E+005    8.65406735658270E+005
   2.63219357854299E-001    3.37724728778122E+000    1.49256795163347E+003    3.27889996893137E+004    7.96211808595707E-002    2.31035251979048E+003    4.52886694488749E+005    8.67214129505151E+005
   2.63583405120344E-001    3.37724728778122E+000    1.49241343266969E+003    3.28420872284176E+004    7.97583497982921E-002    2.31023292640216E+003    4.53619947724014E+005    8.69017319358674E+005
   2.63947466171139E-001    3.37724728778122E+000    1.49225789006770E+003    3.28950513630228E+004    7.98953022254128E-002    2.31011253449332E+003    4.54351496477410E+005    8.70816317611990E+005
   2.64311542038692E-001    3.37724728778122E+000    1.49210136325628E+003    3.29478923158968E+004    8.00320367813523E-002    2.30999137445989E+003    4.55081343825835E+005    8.72611131831697E+005
   2.64675633731740E-001    3.37724728778122E+000    1.49194389407922E+003    3.30006106171181E+004    8.01685527074164E-002    2.30986947857287E+003    4.55809497090815E+005    8.74401780022625E+005
   2.65039742247392E-001    3.37724728778122E+000    1.49178552417782E+003    3.30532065154319E+004    8.03048485558188E-002    2.30974687895256E+003    4.56535959708055E+005    8.76188270633740E+005
   2.65403868475587E-001    3.37724728778122E+000    1.49162630218590E+003    3.31056806235036E+004    8.04409233692960E-002    2.30962361313904E+003    4.57260740139786E+005    8.77970624475053E+005
   2.65768013082153E-001    3.37724728778122E+000    1.49146627087212E+003    3.31580329181365E+004    8.05767749433252E-002    2.30949971413875E+003    4.57983838065609E+005    8.79748840758648E+005
   2.66132176740852E-001    3.37724728778122E+000    1.49130548233898E+003    3.32102637065209E+004    8.07124013539044E-002    2.30937522219170E+003    4.58705257728488E+005    8.81522929918668E+005
   2.66496359707321E-001    3.37724728778122E+000    1.49114401876922E+003    3.32623759402515E+004    8.08478054531481E-002    2.30925020083787E+003    4.59425039896296E+005    8.83292992209999E+005
   2.66860561779939E-001    3.37724728778122E+000    1.49098187861978E+003    3.33143694346044E+004    8.09829869875140E-002    2.30912464879637E+003    4.60143182017603E+005    8.85059021358249E+005
   2.67224782778430E-001    3.37724728778122E+000    1.49081900404373E+003    3.33662394247835E+004    8.11179376321031E-002    2.30899852118363E+003    4.60859618280313E+005    8.86820855520695E+005
   2.67589022355891E-001    3.37724728778122E+000    1.49065544384013E+003    3.34179891689372E+004    8.12526627726361E-002    2.30887185569767E+003    4.61574393686469E+005    8.88578605364734E+005
   2.67953279934016E-001    3.37724728778122E+000    1.49049120588155E+003    3.34696186732571E+004    8.13871621059760E-002    2.30874465834722E+003    4.62287508321594E+005    8.90332271100679E+005
   2.68317554798117E-001    3.37724728778122E+000    1.49032629040821E+003    3.35211281047813E+004    8.15214361340550E-002    2.30861692923040E+003    4.62998964492841E+005    8.92081858402198E+005
   2.68681846162493E-001    3.37724728778122E+000    1.49016068879913E+003    3.35725175787129E+004    8.16554857178136E-002    2.30848866158135E+003    4.63708763791414E+005    8.93827371182326E+005
   2.69046153221500E-001    3.37724728778122E+000    1.48999438493991E+003    3.36237871696345E+004    8.17893120335818E-002    2.30835984282774E+003    4.64416907247460E+005    8.95568811974357E+005
   2.69410475237429E-001    3.37724728778122E+000    1.48982735706560E+003    3.36749369280207E+004    8.19229165154426E-002    2.30823045601679E+003    4.65123395558142E+005    8.97306182492734E+005
   2.69774811599258E-001    3.37724728778122E+000    1.48965958640085E+003    3.37259672562191E+004    8.20563012967264E-002    2.30810048650757E+003    4.65828234280744E+005    8.99039496403727E+005
   2.70139161744424E-001    3.37724728778122E+000    1.48949104851701E+003    3.37768777623108E+004    8.21894668970501E-002    2.30796991527551E+003    4.66531418002025E+005    9.00768740395289E+005
   2.70503525451329E-001    3.37724728778122E+000    1.48932172005952E+003    3.38276687703530E+004    8.23224155273494E-002    2.30783872412347E+003    4.67232951197912E+005    9.02493925474460E+005
   2.70867902663996E-001    3.37724728778122E+000    1.48915158719598E+003    3.38783406081304E+004    8.24551488890418E-002    2.30770690222785E+003    4.67932838395818E+005    9.04215062774888E+005
   2.71232293589723E-001    3.37724728778122E+000    1.48898064256739E+003    3.39288937455684E+004    8.25876686754984E-002    2.30757444377817E+003    4.68631086086424E+005    9.05932168258222E+005
   2.71596698512031E-001    3.37724728778122E+000    1.48880888305346E+003    3.39793282732644E+004    8.27199754238378E-002    2.30744134624681E+003    4.69327695521074E+005    9.07645245001722E+005
   2.71961117931716E-001    3.37724728778122E+000    1.48863631496044E+003    3.40296442507114E+004    8.28520690714589E-002    2.30730761441035E+003    4.70022667521497E+005    9.09354295026153E+005
   2.72325552545582E-001    3.37724728778122E+000    1.48846295577849E+003    3.40798422289361E+004    8.29839501261561E-002    2.30717326171369E+003    4.70716009698556E+005    9.11059337047879E+005
   2.72690003075739E-001    3.37724728778122E+000    1.48828883137880E+003    3.41299229919817E+004    8.31156191884846E-002    2.30703830810020E+003    4.71407732881579E+005    9.12760397697985E+005
   2.73054470181632E-001    3.37724728778122E+000    1.48811396828907E+003    3.41798865199692E+004    8.32470748547387E-002    2.30690277402627E+003    4.72097836795992E+005    9.14457476301252E+005
   2.73418954498531E-001    3.37724728778122E+000    1.48793840055947E+003    3.42297333703226E+004    8.33783166952249E-002    2.30676668578378E+003    4.72786329141019E+005    9.16150591791335E+005
   2.73783456486996E-001    3.37724728778122E+000    1.48776215828707E+003    3.42794632635651E+004    8.35093424505055E-002    2.30663006660591E+003    4.73473206056487E+005    9.17839734675433E+005
   2.74147976695218E-001    3.37724728778122E+000    1.48758527853256E+003    3.43290771687869E+004    8.36401524993778E-002    2.30649294512953E+003    4.74158480927617E+005    9.19524937870000E+005
   2.74512515309726E-001    3.37724728778122E+000    1.48740779128276E+003    3.43785753890064E+004    8.37707459825902E-002    2.30635534451364E+003    4.74842157939746E+005    9.21206211667466E+005
   2.74877073035259E-001    3.37724728778122E+000    1.48722973519192E+003    3.44279606397725E+004    8.39011274197924E-002    2.30621729464264E+003    4.75524274600452E+005    9.22883648305109E+005
   2.75241650464515E-001    3.37724728778122E+000    1.48705115393484E+003    3.44772374965734E+004    8.40313055682622E-002    2.30607882930072E+003    4.76204894107080E+005    9.24557403195555E+005
   2.75606243944125E-001    3.37724728778122E+000    1.48687199295074E+003    3.45263946712839E+004    8.41612560651467E-002    2.30593990610478E+003    4.76883860546312E+005    9.26227092922411E+005
   2.75970853632884E-001    3.37724728778122E+000    1.48669219109506E+003    3.45754211685171E+004    8.42909556413694E-002    2.30580047755568E+003    4.77561022048179E+005    9.27892344012534E+005
   2.76335481458962E-001    3.37724728778122E+000    1.48651186412942E+003    3.46243362550762E+004    8.44204447753981E-002    2.30566063333803E+003    4.78236644728720E+005    9.29553810888873E+005
   2.76700126761095E-001    3.37724728778122E+000    1.48633099825202E+003    3.46731387606764E+004    8.45497214592792E-002    2.30552036267186E+003    4.78910712423785E+005    9.31211453801132E+005
   2.77064789172212E-001    3.37724728778122E+000    1.48614958395628E+003    3.47218289861191E+004    8.46787870313418E-002    2.30537965810582E+003    4.79583229288086E+005    9.32865282966432E+005
   2.77429468386651E-001    3.37724728778122E+000    1.48596760841626E+003    3.47704069334505E+004    8.48076422941630E-002    2.30523850961177E+003    4.80254195349888E+005    9.34515298454274E+005
   2.77794164214239E-001    3.37724728778122E+000    1.48578506016783E+003    3.48188727758451E+004    8.49362883942863E-002    2.30509690821524E+003    4.80923613001103E+005    9.36161506146769E+005
   2.78158876579629E-001    3.37724728778122E+000    1.48560192940598E+003    3.48672266928015E+004    8.50647264027361E-002    2.30495484622639E+003    4.81591484720994E+005    9.37803912140826E+005
   2.78523605543272E-001    3.37724728778122E+000    1.48541820964775E+003    3.49154688882127E+004    8.51929572629601E-002    2.30481231853049E+003    4.82257813325759E+005    9.39442523361942E+005
   2.78888351284060E-001    3.37724728778122E+000    1.48523389832425E+003    3.49635995097407E+004    8.53209815585552E-002    2.30466932304802E+003    4.82922600854932E+005    9.41077344825662E+005
   2.79253114131136E-001    3.37724728778122E+000    1.48504899816751E+003    3.50116187763232E+004    8.54487997427407E-002    2.30452586181172E+003    4.83585850332512E+005    9.42708383968494E+005
   2.79617894538185E-001    3.37724728778122E+000    1.48486351806106E+003    3.50595270403508E+004    8.55764122387470E-002    2.30438194162785E+003    4.84247566625774E+005    9.44335652759866E+005
   2.79982693040413E-001    3.37724728778122E+000    1.48467747204553E+003    3.51073246097172E+004    8.57038190601555E-002    2.30423757330603E+003    4.84907753987391E+005    9.45959161657800E+005
   2.80347510238020E-001    3.37724728778122E+000    1.48449087849999E+003    3.51550117360635E+004    8.58310198270771E-002    2.30409277102517E+003    4.85566415893068E+005    9.47578919209623E+005
   2.80712346788106E-001    3.37724728778122E+000    1.48430376044392E+003    3.52025887351765E+004    8.59580140405694E-002    2.30394755256896E+003    4.86223556704503E+005    9.49194936141464E+005
   2.81077203364101E-001    3.37724728778122E+000    1.48411614470152E+003    3.52500559414577E+004    8.60848010178847E-002    2.30380193867840E+003    4.86879181040500E+005    9.50807223811717E+005
   2.81442080635307E-001    3.37724728778122E+000    1.48392806078141E+003    3.52974136950553E+004    8.62113799244204E-002    2.30365595218313E+003    4.87533293599238E+005    9.52415793773978E+005
   2.81806979240653E-001    3.37724728778122E+000    1.48373953854066E+003    3.53446623198923E+004    8.63377498547675E-002    2.30350961618891E+003    4.88185898854791E+005    9.54020657030725E+005
   2.82171899772130E-001    3.37724728778122E+000    1.48355060874228E+003    3.53918020980323E+004    8.64639097374426E-002    2.30336295451047E+003    4.88837000703064E+005    9.55621823162630E+005
   2.82536842773175E-001    3.37724728778122E+000    1.48336130198690E+003    3.54388333284492E+004    8.65898585403913E-002    2.30321599084241E+003    4.89486603273532E+005    9.57219302324745E+005
   2.82901808720238E-001    3.37724728778122E+000    1.48317164723241E+003    3.54857563102910E+004    8.67155953167817E-002    2.30306874760981E+003    4.90134710698074E+005    9.58813104678039E+005
   2.83266798035020E-001    3.37724728778122E+000    1.48298167125947E+003    3.55325713132202E+004    8.68411191645990E-002    2.30292124555290E+003    4.90781326701305E+005    9.60403239381952E+005
   2.83631811076819E-001    3.37724728778122E+000    1.48279139864301E+003    3.55792786185477E+004    8.69664293298565E-002    2.30277350370435E+003    4.91426455168738E+005    9.61989715991597E+005
   2.83996848161624E-001    3.37724728778122E+000    1.48260085105487E+003    3.56258784729805E+004    8.70915251355503E-002    2.30262553884726E+003    4.92070099507929E+005    9.63572542886710E+005
   2.84361909562765E-001    3.37724728778122E+000    1.48241004852102E+003    3.56723711790375E+004    8.72164061300547E-002    2.30247736649079E+003    4.92712263897312E+005    9.65151730342745E+005
   2.84726995508684E-001    3.37724728778122E+000    1.48221900788205E+003    3.57187569128562E+004    8.73410717332061E-002    2.30232899967412E+003    4.93352950769728E+005    9.66727284342461E+005
   2.85092106235649E-001    3.37724728778122E+000    1.48202774627546E+003    3.57650359783741E+004    8.74655216536823E-002    2.30218045167033E+003    4.93992164323207E+005    9.68299215209496E+005
   2.85457241911966E-001    3.37724728778122E+000    1.48183628382646E+003    3.58112090677931E+004    8.75897563671014E-002    2.30203173807660E+003    4.94629914118549E+005    9.69867546455427E+005
   2.85822402659584E-001    3.37724728778122E+000    1.48164462517069E+003    3.58572760755590E+004    8.77137753079182E-002    2.30188286246180E+003    4.95266198697821E+005    9.71432274494958E+005
   2.86187588618894E-001    3.37724728778122E+000    1.48145277428779E+003    3.59032367707911E+004    8.78375776408536E-002    2.30173382788608E+003    4.95901014872065E+005    9.72993391485919E+005
   2.86552799895492E-001    3.37724728778122E+000    1.48126074715411E+003    3.59490918421960E+004    8.79611640663689E-002    2.30158464673059E+003    4.96534372153803E+005    9.74550920821156E+005
   2.86918036549015E-001    3.37724728778122E+000    1.48106855473153E+003    3.59948415360198E+004    8.80845344952628E-002    2.30143532748367E+003    4.97166273944222E+005    9.76104870864752E+005
   2.87283298591624E-001    3.37724728778122E+000    1.48087620696704E+003    3.60404861223726E+004    8.82076889533425E-002    2.30128587784727E+003    4.97796723974125E+005    9.77655250791358E+005
   2.87648585983023E-001    3.37724728778122E+000    1.48068371224202E+003    3.60860258580059E+004    8.83306275236800E-002    2.30113630430875E+003    4.98425725789804E+005    9.79202069321887E+005
   2.88013898627030E-001    3.37724728778122E+000    1.48049107713327E+003    3.61314609889896E+004    8.84533503681424E-002    2.30098661195479E+003    4.99053282790012E+005    9.80745334814434E+005
   2.88379236376855E-001    3.37724728778122E+000    1.48029830621681E+003    3.61767917583713E+004    8.85758577586943E-002    2.30083680431848E+003    4.99679398331763E+005    9.82285055524441E+005
   2.88744599033629E-001    3.37724728778122E+000    1.48010540201987E+003    3.62220184360464E+004    8.86981501543286E-002    2.30068688334146E+003    5.00304076142889E+005    9.83821240619263E+005
   2.89109986344103E-001    3.37724728778122E+000    1.47991236397949E+003    3.62671411723777E+004    8.88202279060476E-002    2.30053684856401E+003    5.00927318300229E+005    9.85353895206183E+005
   2.89475398042661E-001    3.37724728778122E+000    1.47971919010549E+003    3.63121602184795E+004    8.89420916976699E-002    2.30038669841690E+003    5.01549128272210E+005    9.86883027814630E+005
   2.89840833838583E-001    3.37724728778122E+000    1.47952587665182E+003    3.63570758016118E+004    8.90637422611745E-002    2.30023642996551E+003    5.02169509197781E+005    9.88408646163801E+005
   2.90206293446010E-001    3.37724728778122E+000    1.47933241737444E+003    3.64018881636994E+004    8.91851805165606E-002    2.30008603833250E+003    5.02788464418447E+005    9.89930758470998E+005
   2.90571776577242E-001    3.37724728778122E+000    1.47913880480195E+003    3.64465974712382E+004    8.93064072755139E-002    2.29993551768501E+003    5.03405996233872E+005    9.91449370391474E+005
   2.90937282986078E-001    3.37724728778122E+000    1.47894503106267E+003    3.64912039007263E+004    8.94274234011823E-002    2.29978486187739E+003    5.04022107081877E+005    9.92964487920232E+005
   2.91302812484285E-001    3.37724728778122E+000    1.47875108863731E+003    3.65357077008493E+004    8.95482299151951E-002    2.29963406503641E+003    5.04636800397345E+005    9.94476119504208E+005
   2.91668364934091E-001    3.37724728778122E+000    1.47855697068420E+003    3.65801091328878E+004    8.96688278318155E-002    2.29948312181415E+003    5.05250079789123E+005    9.95984274018152E+005
   2.92033940264749E-001    3.37724728778122E+000    1.47836267132393E+003    3.66244083713800E+004    8.97892178968197E-002    2.29933202760959E+003    5.05861947667960E+005    9.97488957390488E+005
   2.92399538482456E-001    3.37724728778122E+000    1.47816818700686E+003    3.66686056690057E+004    8.99094009080317E-002    2.29918077963237E+003    5.06472407523908E+005    9.98990178203828E+005
   2.92765159670831E-001    3.37724728778122E+000    1.47797351604615E+003    3.67127011948906E+004    9.00293773463281E-002    2.29902937654018E+003    5.07081461692959E+005    1.00048794220276E+006
   2.93130804023893E-001    3.37724728778122E+000    1.47777866056356E+003    3.67566953188923E+004    9.01491479532059E-002    2.29887781995270E+003    5.07689115283640E+005    1.00198226194998E+006
   2.93496471788074E-001    3.37724728778122E+000    1.47758362505359E+003    3.68005883025669E+004    9.02687130591012E-002    2.29872611333569E+003    5.08295371908605E+005    1.00347314632961E+006
   2.93862163376046E-001    3.37724728778122E+000    1.47738841926002E+003    3.68443808111361E+004    9.03880736621498E-002    2.29857426423932E+003    5.08900240755999E+005    1.00496061793679E+006
   2.94227879253647E-001    3.37724728778122E+000    1.47719305689088E+003    3.68880736898534E+004    9.05072309565529E-002    2.29842228329977E+003    5.09503733500592E+005    1.00644470548170E+006
   2.94593619366085E-001    3.37724728778122E+000    1.47699754058153E+003    3.69316651754353E+004    9.06261804109278E-002    2.29827017254126E+003    5.10105825787644E+005    1.00792534907205E+006
   2.94959384425886E-001    3.37724728778122E+000    1.47680188273679E+003    3.69751547988878E+004    9.07449200666750E-002    2.29811794158984E+003    5.10706511139335E+005    1.00940253277781E+006
   2.95325175236235E-001    3.37724728778122E+000    1.47660611752829E+003    3.70185455211446E+004    9.08634550395034E-002    2.29796561701141E+003    5.11305830452535E+005    1.01087635717109E+006
   2.95690992326829E-001    3.37724728778122E+000    1.47641026473537E+003    3.70618374077007E+004    9.09817842157593E-002    2.29781321417916E+003    5.11903784631875E+005    1.01234682447651E+006
   2.96056836270068E-001    3.37724728778122E+000    1.47621434720688E+003    3.71050307819376E+004    9.10999069185119E-002    2.29766075085909E+003    5.12500378143946E+005    1.01381394567818E+006
   2.96422707639310E-001    3.37724728778122E+000    1.47601838890897E+003    3.71481259233652E+004    9.12178222863196E-002    2.29750824569154E+003    5.13095614849385E+005    1.01527773027001E+006
   2.96788606996570E-001    3.37724728778122E+000    1.47582241477358E+003    3.71911231294923E+004    9.13355294340163E-002    2.29735571807345E+003    5.13689498857426E+005    1.01673818835729E+006
   2.97154534878174E-001    3.37724728778122E+000    1.47562645004681E+003    3.72340226893560E+004    9.14530274277087E-002    2.29720318765148E+003    5.14282034160295E+005    1.01819532975756E+006
   2.97520491785009E-001    3.37724728778122E+000    1.47543051981129E+003    3.72768248847684E+004    9.15703153173673E-002    2.29705067395023E+003    5.14873224650424E+005    1.01964916404295E+006
   2.97886478170578E-001    3.37724728778122E+000    1.47523464844199E+003    3.73195299761842E+004    9.16873921360115E-002    2.29689819594861E+003    5.15463073925255E+005    1.02109970006015E+006
   2.98252494438715E-001    3.37724728778122E+000    1.47503885925356E+003    3.73621382244455E+004    9.18042569753974E-002    2.29674577180504E+003    5.16051585587576E+005    1.02254694666901E+006
   2.98618540934539E-001    3.37724728778122E+000    1.47484317413749E+003    3.74046498920258E+004    9.19209090121812E-002    2.29659341857474E+003    5.16638763262714E+005    1.02399091278481E+006
   2.98984617938054E-001    3.37724728778122E+000    1.47464761310041E+003    3.74470652190627E+004    9.20373474784827E-002    2.29644115184978E+003    5.17224610267483E+005    1.02543160656414E+006
   2.99350725662981E-001    3.37724728778122E+000    1.47445219395494E+003    3.74893844248123E+004    9.21535716855930E-002    2.29628898551793E+003    5.17809129630286E+005    1.02686903545433E+006
   2.99716864258884E-001    3.37724728778122E+000    1.47425693218330E+003    3.75316077276084E+004    9.22695810825252E-002    2.29613693165583E+003    5.18392324366780E+005    1.02830320687137E+006
   3.00083033810267E-001    3.37724728778122E+000    1.47406184081763E+003    3.75737353354254E+004    9.23853752413442E-002    2.29598500043518E+003    5.18974197349541E+005    1.02973412787941E+006
   3.00449234340608E-001    3.37724728778122E+000    1.47386693048351E+003    3.76157674492670E+004    9.25009538638335E-002    2.29583320015606E+003    5.19554751354862E+005    1.03116180530580E+006
   3.00815465816086E-001    3.37724728778122E+000    1.47367220913906E+003    3.76577042586079E+004    9.26163167877307E-002    2.29568153704298E+003    5.20133988999797E+005    1.03258624558631E+006
   3.01181728151973E-001    3.37724728778122E+000    1.47347768226714E+003    3.76995459428263E+004    9.27314639792999E-002    2.29553001539401E+003    5.20711912761944E+005    1.03400745481376E+006
   3.01548021221126E-001    3.37724728778122E+000    1.47328335309976E+003    3.77412926826825E+004    9.28463955484921E-002    2.29537863775491E+003    5.21288525137995E+005    1.03542543912791E+006
   3.01914344860433E-001    3.37724728778122E+000    1.47308922273396E+003    3.77829446544020E+004    9.29611117280523E-002    2.29522740500882E+003    5.21863828562000E+005    1.03684020451451E+006
   3.02280698881896E-001    3.37724728778122E+000    1.47289529037779E+003    3.78245020332546E+004    9.30756128676996E-002    2.29507631656738E+003    5.22437825454816E+005    1.03825175692683E+006
   3.02647083080551E-001    3.37724728778122E+000    1.47270155363264E+003    3.78659649932650E+004    9.31898994163588E-002    2.29492537059018E+003    5.23010518220095E+005    1.03966010227584E+006
   3.03013497247011E-001    3.37724728778122E+000    1.47250800879922E+003    3.79073337074052E+004    9.33039719039318E-002    2.29477456422286E+003    5.23581909246955E+005    1.04106524643679E+006
   3.03379941177419E-001    3.37724728778122E+000    1.47231465139415E+003    3.79486083623650E+004    9.34178309454362E-002    2.29462389399920E+003    5.24152001113984E+005    1.04246719575084E+006
   3.03746414682742E-001    3.37724728778122E+000    1.47212147627789E+003    3.79897891293338E+004    9.35314771612883E-002    2.29447335594076E+003    5.24720796185677E+005    1.04386595603266E+006
   3.04112917606549E-001    3.37724728778122E+000    1.47192847855367E+003    3.80308762134216E+004    9.36449112420577E-002    2.29432294625720E+003    5.25288297295044E+005    1.04526153424911E+006
   3.04479449821103E-001    3.37724728778122E+000    1.47173565412149E+003    3.80718698748854E+004    9.37581339653901E-002    2.29417266177818E+003    5.25854508036794E+005    1.04665393924015E+006
   3.04846011245639E-001    3.37724728778122E+000    1.47154299723056E+003    3.81127702216353E+004    9.38711458408287E-002    2.29402249804580E+003    5.26419429901398E+005    1.04804317467110E+006
   3.05212601863169E-001    3.37724728778122E+000    1.47135050434478E+003    3.81535774404710E+004    9.39839474329593E-002    2.29387245232735E+003    5.26983065468964E+005    1.04942924688686E+006
   3.05579221719497E-001    3.37724728778122E+000    1.47115817465757E+003    3.81942918079329E+004    9.40965393543965E-002    2.29372252401718E+003    5.27545418559108E+005    1.05081216528050E+006
   3.05945870930316E-001    3.37724728778122E+000    1.47096600878090E+003    3.82349135581601E+004    9.42089220231343E-002    2.29357271361543E+003    5.28106492405796E+005    1.05219193780487E+006
   3.06312549686004E-001    3.37724728778122E+000    1.47077400953690E+003    3.82754429383492E+004    9.43210957477778E-002    2.29342302334552E+003    5.28666290423346E+005    1.05356857285634E+006
   3.06679258253519E-001    3.37724728778122E+000    1.47058218222674E+003    3.83158802062343E+004    9.44330607031515E-002    2.29327345736440E+003    5.29224816171620E+005    1.05494207918919E+006
   3.07045996975206E-001    3.37724728778122E+000    1.47039053485640E+003    3.83562256295566E+004    9.45448169134536E-002    2.29312402193916E+003    5.29782073348701E+005    1.05631246589761E+006
   3.07412766265450E-001    3.37724728778122E+000    1.47019907829105E+003    3.83964794879153E+004    9.46563642457586E-002    2.29297472556819E+003    5.30338065816457E+005    1.05767974247857E+006
   3.07779566601297E-001    3.37724728778122E+000    1.47000782629813E+003    3.84366420713278E+004    9.47677024025187E-002    2.29282557901546E+003    5.30892797580651E+005    1.05904391878290E+006
   3.08146398511351E-001    3.37724728778122E+000    1.46981679538908E+003    3.84767136636526E+004    9.48788308897137E-002    2.29267659518777E+003    5.31446272561981E+005    1.06040500445223E+006
   3.08513262564346E-001    3.37724728778122E+000    1.46962600479126E+003    3.85166945696097E+004    9.49897490841614E-002    2.29252778911362E+003    5.31998494969287E+005    1.06176300983680E+006
   3.08880159348455E-001    3.37724728778122E+000    1.46943547599081E+003    3.85565850912262E+004    9.51004562039220E-002    2.29237917758727E+003    5.32549468974213E+005    1.06311794519536E+006
   3.09247089453739E-001    3.37724728778122E+000    1.46924523230482E+003    3.85963855324801E+004    9.52109513465573E-002    2.29223077883551E+003    5.33099198775349E+005    1.06446982085293E+006
   3.09614053448709E-001    3.37724728778122E+000    1.46905529826397E+003    3.86360961806088E+004    9.53212334823380E-002    2.29208261203658E+003    5.33647688340063E+005    1.06581864656591E+006
   3.09981051863874E-001    3.37724728778122E+000    1.46886569893284E+003    3.86757173203633E+004    9.54313015330751E-002    2.29193469679017E+003    5.34194941601380E+005    1.06716443200627E+006
   3.10348085172365E-001    3.37724728778122E+000    1.46867645914034E+003    3.87152492360713E+004    9.55411544270816E-002    2.29178705251701E+003    5.34740962486478E+005    1.06850718683157E+006
   3.10715153769649E-001    3.37724728778122E+000    1.46848760273360E+003    3.87546921947867E+004    9.56507911063108E-002    2.29163969787673E+003    5.35285754683944E+005    1.06984692011266E+006
   3.11082257963211E-001    3.37724728778122E+000    1.46829915171452E+003    3.87940464404833E+004    9.57602105687520E-002    2.29149265009378E+003    5.35829321563584E+005    1.07118364013643E+006
   3.11449397962392E-001    3.37724728778122E+000    1.46811112559699E+003    3.88333122058481E+004    9.58694119402793E-002    2.29134592445535E+003    5.36371666339305E+005    1.07251735480642E+006
   3.11816573876759E-001    3.37724728778122E+000    1.46792354072922E+003    3.88724896993377E+004    9.59783944880439E-002    2.29119953378180E+003    5.36912791890343E+005    1.07384807120314E+006
   3.12183785720326E-001    3.37724728778122E+000    1.46773641003164E+003    3.89115791382869E+004    9.60871577206813E-002    2.29105348822139E+003    5.37452701218559E+005    1.07517579670865E+006
   3.12551033413057E-001    3.37724728778122E+000    1.46754974249550E+003    3.89505807048105E+004    9.61957013137209E-002    2.29090779485798E+003    5.37991396839349E+005    1.07650053750873E+006
   3.12918316807637E-001    3.37724728778122E+000    1.46736354352497E+003    3.89894946289570E+004    9.63040252940981E-002    2.29076245797710E+003    5.38528881930182E+005    1.07782230141729E+006
   3.13285635686174E-001    3.37724728778122E+000    1.46717781476939E+003    3.90283211282033E+004    9.64121299032670E-002    2.29061747893414E+003    5.39065159494879E+005    1.07914109582122E+006
   3.13652989710380E-001    3.37724728778122E+000    1.46699255231603E+003    3.90670599846900E+004    9.65200146731439E-002    2.29047285474246E+003    5.39600226524333E+005    1.08045691332064E+006
   3.14020378645640E-001    3.37724728778122E+000    1.46680775164342E+003    3.91057114084705E+004    9.66276802344232E-002    2.29032858193932E+003    5.40134085919834E+005    1.08176976105029E+006
   3.14387802223524E-001    3.37724728778122E+000    1.46662340736115E+003    3.91442758559028E+004    9.67351278858546E-002    2.29018465638245E+003    5.40666743984669E+005    1.08307965451099E+006
   3.14755260166720E-001    3.37724728778122E+000    1.46643951073722E+003    3.91827534266562E+004    9.68423582679300E-002    2.29004107131925E+003    5.41198202095487E+005    1.08438659708813E+006
   3.15122752233486E-001    3.37724728778122E+000    1.46625605260624E+003    3.92211442568539E+004    9.69493721431828E-002    2.28989781965680E+003    5.41728462132439E+005    1.08569059340533E+006
   3.15490278230097E-001    3.37724728778122E+000    1.46607302399780E+003    3.92594484853162E+004    9.70561702713552E-002    2.28975489445259E+003    5.42257526012937E+005    1.08699164817781E+006
   3.15857838019118E-001    3.37724728778122E+000    1.46589041687648E+003    3.92976662603895E+004    9.71627533771452E-002    2.28961228949236E+003    5.42785395785960E+005    1.08828976644435E+006
   3.16225431523700E-001    3.37724728778122E+000    1.46570822473203E+003    3.93357977382080E+004    9.72691221063659E-002    2.28946999975138E+003    5.43312073608060E+005    1.08958495350826E+006
   3.16593058727781E-001    3.37724728778122E+000    1.46552644303818E+003    3.93738430835907E+004    9.73752769970615E-002    2.28932802175316E+003    5.43837561755741E+005    1.09087721496784E+006
   3.16960719672035E-001    3.37724728778122E+000    1.46534506952538E+003    3.94118024681489E+004    9.74812184558917E-002    2.28918635378291E+003    5.44361862599324E+005    1.09216655665210E+006
   3.17328414447649E-001    3.37724728778122E+000    1.46516410430723E+003    3.94496760736520E+004    9.75869467571285E-002    2.28904499598694E+003    5.44884978649440E+005    1.09345298473508E+006
   3.17696143186377E-001    3.37724728778122E+000    1.46498354980677E+003    3.94874640897987E+004    9.76924620411146E-002    2.28890395031562E+003    5.45406912526231E+005    1.09473650566015E+006
   3.18063906049836E-001    3.37724728778122E+000    1.46480341054857E+003    3.95251667102847E+004    9.77977643175057E-002    2.28876322036146E+003    5.45927666905055E+005    1.09601712600645E+006
   3.18431703218642E-001    3.37724728778122E+000    1.46462369285045E+003    3.95627841321246E+004    9.79028534833616E-002    2.28862281111885E+003    5.46447244507108E+005    1.09729485246585E+006
   3.18799534882150E-001    3.37724728778122E+000    1.46444440443433E+003    3.96003165571685E+004    9.80077293522439E-002    2.28848272868032E+003    5.46965648120372E+005    1.09856969189446E+006
   3.19167401228586E-001    3.37724728778122E+000    1.46426555399286E+003    3.96377641886445E+004    9.81123916741527E-002    2.28834297989828E+003    5.47482880551867E+005    1.09984165119519E+006
   3.19535302437249E-001    3.37724728778122E+000    1.46408715076742E+003    3.96751272309982E+004    9.82168401630614E-002    2.28820357205549E+003    5.47998944625427E+005    1.10111073731231E+006
   3.19903238672154E-001    3.37724728778122E+000    1.46390920413405E+003    3.97124058876379E+004    9.83210745189439E-002    2.28806451254156E+003    5.48513843150557E+005    1.10237695715486E+006
   3.20271210077779E-001    3.37724728778122E+000    1.46373172326348E+003    3.97496003607413E+004    9.84250944501151E-002    2.28792580858728E+003    5.49027578919768E+005    1.10364031759008E+006
   3.20639216776588E-001    3.37724728778122E+000    1.46355471684837E+003    3.97867108522167E+004    9.85288996940630E-002    2.28778746705140E+003    5.49540154721848E+005    1.10490082547606E+006
   3.21007258867762E-001    3.37724728778122E+000    1.46337819287459E+003    3.98237375612762E+004    9.86324900270593E-002    2.28764949424166E+003    5.50051573308344E+005    1.10615848757931E+006
   3.21375336427721E-001    3.37724728778122E+000    1.46320215849522E+003    3.98606806856901E+004    9.87358652760524E-002    2.28751189581621E+003    5.50561837410892E+005    1.10741331061735E+006
   3.21743449511179E-001    3.37724728778122E+000    1.46302661994756E+003    3.98975404200333E+004    9.88390253202673E-002    2.28737467671850E+003    5.51070949716989E+005    1.10866530119919E+006
   3.22111598153528E-001    3.37724728778122E+000    1.46285158255068E+003    3.99343169568183E+004    9.89419700945447E-002    2.28723784117509E+003    5.51578912885647E+005    1.10991446586378E+006
   3.22479782373261E-001    3.37724728778122E+000    1.46267705075097E+003    3.99710104873858E+004    9.90446995888250E-002    2.28710139273111E+003    5.52085729559693E+005    1.11116081111025E+006
   3.22848002174709E-001    3.37724728778122E+000    1.46250302816363E+003    4.00076211976774E+004    9.91472138352106E-002    2.28696533428244E+003    5.52591402307381E+005    1.11240434325438E+006
   3.23216257552031E-001    3.37724728778122E+000    1.46232951774588E+003    4.00441492772803E+004    9.92495129189468E-002    2.28682966821099E+003    5.53095933747319E+005    1.11364506873573E+006
   3.23584548489799E-001    3.37724728778122E+000    1.46215652186689E+003    4.00805949166654E+004    9.93515969670893E-002    2.28669439643920E+003    5.53599326510321E+005    1.11488299402392E+006
   3.23952874968466E-001    3.37724728778122E+000    1.46198404205690E+003    4.01169582768117E+004    9.94534660905041E-002    2.28655952023369E+003    5.54101582819851E+005    1.11611812458681E+006
   3.24321236967560E-001    3.37724728778122E+000    1.46181207979536E+003    4.01532395416922E+004    9.95551204606068E-002    2.28642504082148E+003    5.54602705216975E+005    1.11735046667329E+006
   3.24689634467440E-001    3.37724728778122E+000    1.46164063635362E+003    4.01894388925777E+004    9.96565602564260E-002    2.28629095926690E+003    5.55102696205431E+005    1.11858002644047E+006
   3.25058067452439E-001    3.37724728778122E+000    1.46146971283451E+003    4.02255565047525E+004    9.97577856538344E-002    2.28615727650254E+003    5.55601558206275E+005    1.11980680984212E+006
   3.25426535913683E-001    3.37724728778122E+000    1.46129931031111E+003    4.02615925511029E+004    9.98587968250260E-002    2.28602399343768E+003    5.56099293607439E+005    1.12103082275056E+006
   3.25795039851862E-001    3.37724728778122E+000    1.46112942994130E+003    4.02975472027981E+004    9.99595939323729E-002    2.28589111104800E+003    5.56595904773135E+005    1.12225207097977E+006
   3.26163579279912E-001    3.37724728778122E+000    1.46096007307375E+003    4.03334206294783E+004    1.00060177121604E-001    2.28575863045841E+003    5.57091394046462E+005    1.12347056029181E+006
   3.26532154225823E-001    3.37724728778122E+000    1.46079124135343E+003    4.03692130002024E+004    1.00160546516845E-001    2.28562655302567E+003    5.57585763762486E+005    1.12468629642900E+006
   3.26900764734832E-001    3.37724728778122E+000    1.46062293681717E+003    4.04049244826994E+004    1.00260702212090E-001    2.28549488041324E+003    5.58079016237909E+005    1.12589928508849E+006
   3.27269410872310E-001    3.37724728778122E+000    1.46045516198993E+003    4.04405552436135E+004    1.00360644265042E-001    2.28536361466665E+003    5.58571153774442E+005    1.12710953193055E+006
   3.27638092726312E-001    3.37724728778122E+000    1.46028791999882E+003    4.04761054519772E+004    1.00460372697709E-001    2.28523275830285E+003    5.59062178706791E+005    1.12831704269662E+006
   3.28006810409591E-001    3.37724728778122E+000    1.46012121465340E+003    4.05115752769390E+004    1.00559887485008E-001    2.28510231437316E+003    5.59552093371259E+005    1.12952182313205E+006
   3.28375564061848E-001    3.37724728778122E+000    1.45995505054556E+003    4.05469648896935E+004    1.00659188552415E-001    2.28497228654162E+003    5.60040900132414E+005    1.13072387905169E+006
   3.28744353851274E-001    3.37724728778122E+000    1.45978943313013E+003    4.05822744619986E+004    1.00758275766434E-001    2.28484267914815E+003    5.60528601362600E+005    1.13192321628953E+006
   3.29113179976395E-001    3.37724728778122E+000    1.45962436882649E+003    4.06175041700827E+004    1.00857148936959E-001    2.28471349728837E+003    5.61015199495913E+005    1.13311984083142E+006
   3.29482042666677E-001    3.37724728778122E+000    1.45945986509766E+003    4.06526541952553E+004    1.00955807812967E-001    2.28458474687563E+003    5.61500697036627E+005    1.13431375883576E+006
   3.29850942181855E-001    3.37724728778122E+000    1.45929593050361E+003    4.06877247213169E+004    1.01054252072021E-001    2.28445643468298E+003    5.61985096523420E+005    1.13550497654559E+006
   3.30219878811478E-001    3.37724728778122E+000    1.45913257474671E+003    4.07227159370611E+004    1.01152481322937E-001    2.28432856837899E+003    5.62468400563944E+005    1.13669350037354E+006
   3.30588852871968E-001    3.37724728778122E+000    1.45896980868731E+003    4.07576280353305E+004    1.01250495101945E-001    2.28420115654016E+003    5.62950611821765E+005    1.13787933686977E+006
   3.30957864703589E-001    3.37724728778122E+000    1.45880764434721E+003    4.07924612141736E+004    1.01348292874916E-001    2.28407420865388E+003    5.63431733032362E+005    1.13906249276127E+006
   3.31326914664908E-001    3.37724728778122E+000    1.45864609485529E+003    4.08272156779835E+004    1.01445874043555E-001    2.28394773507613E+003    5.63911767018843E+005    1.14024297499052E+006
   3.31696003125969E-001    3.37724728778122E+000    1.45848517432146E+003    4.08618916323747E+004    1.01543237941069E-001    2.28382174693295E+003    5.64390716621188E+005    1.14142079054149E+006
   3.32065130461228E-001    3.37724728778122E+000    1.45832489772900E+003    4.08964892937199E+004    1.01640383863027E-001    2.28369625603639E+003    5.64868584827969E+005    1.14259594676358E+006
   3.32434297035578E-001    3.37724728778122E+000    1.45816528062920E+003    4.09310088695417E+004    1.01737311039635E-001    2.28357127464554E+003    5.65345374505519E+005    1.14376845070557E+006
   3.32803503189755E-001    3.37724728778122E+000    1.45800633862512E+003    4.09654505067113E+004    1.01834018542834E-001    2.28344681506237E+003    5.65821087682448E+005    1.14493830735614E+006
   3.33172749254970E-001    3.37724728778122E+000    1.45784808784326E+003    4.09998144539683E+004    1.01930505657283E-001    2.28332289000109E+003    5.66295727794385E+005    1.14610552516406E+006
   3.33542035510976E-001    3.37724728778122E+000    1.45769054391617E+003    4.10341009320170E+004    1.02026771628544E-001    2.28319951179149E+003    5.66769297889729E+005    1.14727011162585E+006
   3.33911362184728E-001    3.37724728778122E+000    1.45753372153078E+003    4.10683101263909E+004    1.02122815677163E-001    2.28307669202499E+003    5.67241800531101E+005    1.14843207304342E+006
   3.34280729439044E-001    3.37724728778122E+000    1.45737763413733E+003    4.11024422152417E+004    1.02218637088513E-001    2.28295444132649E+003    5.67713238179156E+005    1.14959141546792E+006
   3.34650137363022E-001    3.37724728778122E+000    1.45722229349108E+003    4.11364973669742E+004    1.02314235239557E-001    2.28283276899513E+003    5.68183613159930E+005    1.15074814461944E+006
   3.35019585963273E-001    3.37724728778122E+000    1.45706770920247E+003    4.11704757384160E+004    1.02409609626540E-001    2.28271168265145E+003    5.68652927639549E+005    1.15190226582486E+006
   3.35389075157399E-001    3.37724728778122E+000    1.45691388831887E+003    4.12043774737876E+004    1.02504759892640E-001    2.28259118790939E+003    5.69121183610006E+005    1.15305378398280E+006
   3.35758604769902E-001    3.37724728778122E+000    1.45676083495525E+003    4.12382027041115E+004    1.02599685853436E-001    2.28247128808633E+003    5.69588382881008E+005    1.15420270354364E+006
   3.36128174530764E-001    3.37724728778122E+000    1.45660854999428E+003    4.12719515470794E+004    1.02694387518779E-001    2.28235198396755E+003    5.70054527078128E+005    1.15534902850492E+006
   3.36497784076982E-001    3.37724728778122E+000    1.45645703086865E+003    4.13056241080897E+004    1.02788865111896E-001    2.28223327363502E+003    5.70519617657146E+005    1.15649276244665E+006
   3.36867432956786E-001    3.37724728778122E+000    1.45630627143474E+003    4.13392204805124E+004    1.02883119080196E-001    2.28211515236770E+003    5.70983655907703E+005    1.15763390854026E+006
   3.37237120636831E-001    3.37724728778122E+000    1.45615626195426E+003    4.13727407468580E+004    1.02977150100750E-001    2.28199761262645E+003    5.71446642969446E+005    1.15877246958834E+006
   3.37606846512007E-001    3.37724728778122E+000    1.45600698918646E+003    4.14061849804917E+004    1.03070959079288E-001    2.28188064412555E+003    5.71908579855706E+005    1.15990844808282E+006
   3.37976609917580E-001    3.37724728778122E+000    1.45585843659050E+003    4.14395532477847E+004    1.03164547142444E-001    2.28176423399063E+003    5.72369467483213E+005    1.16104184627810E+006
   3.38346410143150E-001    3.37724728778122E+000    1.45571058462965E+003    4.14728456098147E+004    1.03257915621553E-001    2.28164836699646E+003    5.72829306695582E+005    1.16217266624877E+006
   3.38716246448084E-001    3.37724728778122E+000    1.45556341117446E+003    4.15060621246942E+004    1.03351066030857E-001    2.28153302588228E+003    5.73288098295470E+005    1.16330090996869E+006
   3.39086118077713E-001    3.37724728778122E+000    1.45541689198649E+003    4.15392028494989E+004    1.03444000038810E-001    2.28141819173056E+003    5.73745843071219E+005    1.16442657937653E+006
   3.39456024279797E-001    3.37724728778122E+000    1.45527100127243E+003    4.15722678426773E+004    1.03536719435359E-001    2.28130384440087E+003    5.74202541830123E+005    1.16554967645754E+006
   3.39825964320531E-001    3.37724728778122E+000    1.45512571228233E+003    4.16052571661104E+004    1.03629226094994E-001    2.28118996299856E+003    5.74658195426897E+005    1.16667020331363E+006
   3.40195937499539E-001    3.37724728778122E+000    1.45498099792775E+003    4.16381708865788E+004    1.03721521936622E-001    2.28107652635919E+003    5.75112804783922E+005    1.16778816221306E+006
   3.40565943163284E-001    3.37724728778122E+000    1.45483683140635E+003    4.16710090776995E+004    1.03813608883918E-001    2.28096351353811E+003    5.75566370918008E+005    1.16890355565635E+006
   3.40935980716401E-001    3.37724728778122E+000    1.45469318679547E+003    4.17037718206962E+004    1.03905488824701E-001    2.28085090427591E+003    5.76018894951031E+005    1.17001638640237E+006
   3.41306049630617E-001    3.37724728778122E+000    1.45455003960745E+003    4.17364592057861E+004    1.03997163574353E-001    2.28073867943403E+003    5.76470378129081E+005    1.17112665751546E+006
   3.41676149450934E-001    3.37724728778122E+000    1.45440736727202E+003    4.17690713324946E+004    1.04088634841549E-001    2.28062682137319E+003    5.76920821826821E+005    1.17223437237615E+006
   3.42046279799023E-001    3.37724728778122E+000    1.45426514953793E+003    4.18016083098197E+004    1.04179904199194E-001    2.28051531426883E+003    5.77370227549749E+005    1.17333953468669E+006
   3.42416440373856E-001    3.37724728778122E+000    1.45412336878471E+003    4.18340702571883E+004    1.04270973063630E-001    2.28040414435592E+003    5.77818596947404E+005    1.17444214850358E+006
   3.42786630949388E-001    3.37724728778122E+000    1.45398201019786E+003    4.18664573019881E+004    1.04361842674972E-001    2.28029330006691E+003    5.78265931779287E+005    1.17554221815371E+006
   3.43156851370656E-001    3.37724728778122E+000    1.45384106184609E+003    4.18987695773169E+004    1.04452514084962E-001    2.28018277209287E+003    5.78712233883766E+005    1.17663974815794E+006
   3.43527101547201E-001    3.37724728778122E+000    1.45370051475273E+003    4.19310072281742E+004    1.04542988166261E-001    2.28007255344002E+003    5.79157505263594E+005    1.17773474344136E+006
   3.43897381445108E-001    3.37724728778122E+000    1.45356036271977E+003    4.19631704039339E+004    1.04633265605315E-001    2.27996263929232E+003    5.79601747981947E+005    1.17882720907767E+006
   3.44267691078095E-001    3.37724728778122E+000    1.45342060214716E+003    4.19952592590335E+004    1.04723346916138E-001    2.27985302687026E+003    5.80044964171940E+005    1.17991715031253E+006
   3.44638030497968E-001    3.37724728778122E+000    1.45328123176955E+003    4.20272739515266E+004    1.04813232454785E-001    2.27974371522490E+003    5.80487156016634E+005    1.18100457251446E+006
   3.45008399784994E-001    3.37724728778122E+000    1.45314225234315E+003    4.20592146418296E+004    1.04902922438035E-001    2.27963470499267E+003    5.80928325731724E+005    1.18208948113221E+006
   3.45378799038546E-001    3.37724728778122E+000    1.45300366630050E+003    4.20910814915978E+004    1.04992416964838E-001    2.27952599812493E+003    5.81368475550018E+005    1.18317188165662E+006
   3.45749228368402E-001    3.37724728778122E+000    1.45286547738976E+003    4.21228746627277E+004    1.05081716039346E-001    2.27941759760536E+003    5.81807607707655E+005    1.18425177958673E+006
   3.46119687886889E-001    3.37724728778122E+000    1.45272769031398E+003    4.21545943160295E+004    1.05170819593272E-001    2.27930950716717E+003    5.82245724425770E+005    1.18532918038466E+006
   3.46490177702247E-001    3.37724728778122E+000    1.45259031039005E+003    4.21862406107393E+004    1.05259727509062E-001    2.27920173102574E+003    5.82682827903759E+005    1.18640408945910E+006
   3.46860697913047E-001    3.37724728778122E+000    1.45245334323585E+003    4.22178137039344E+004    1.05348439640926E-001    2.27909427363326E+003    5.83118920311194E+005    1.18747651214538E+006
   3.47231248603859E-001    3.37724728778122E+000    1.45231679449231E+003    4.22493137497517E+004    1.05436955832968E-001    2.27898713946072E+003    5.83554003777040E+005    1.18854645367897E+006
   3.47601829842075E-001    3.37724728778122E+000    1.45218066958951E+003    4.22807408990603E+004    1.05525275935359E-001    2.27888033281436E+003    5.83988080385123E+005    1.18961391918434E+006
   3.47972441675803E-001    3.37724728778122E+000    1.45204497355851E+003    4.23120952992000E+004    1.05613399817450E-001    2.27877385768800E+003    5.84421152170524E+005    1.19067891366609E+006
   3.48343084132720E-001    3.37724728778122E+000    1.45190971088994E+003    4.23433770943163E+004    1.05701327379035E-001    2.27866771765198E+003    5.84853221124202E+005    1.19174144202031E+006
   3.48713757219596E-001    3.37724728778122E+000    1.45177488543191E+003    4.23745864252357E+004    1.05789058557671E-001    2.27856191577291E+003    5.85284289191273E+005    1.19280150903036E+006
   3.49084460922435E-001    3.37724728778122E+000    1.45164050032341E+003    4.24057234290641E+004    1.05876593332745E-001    2.27845645456135E+003    5.85714358265467E+005    1.19385911935324E+006
   3.49455195207210E-001    3.37724728778122E+000    1.45150655796541E+003    4.24367882400817E+004    1.05963931730054E-001    2.27835133594895E+003    5.86143430201482E+005    1.19491427754995E+006
   3.49825960020797E-001    3.37724728778122E+000    1.45137306001127E+003    4.24677809893527E+004    1.06051073821785E-001    2.27824656128078E+003    5.86571506809596E+005    1.19596698807226E+006
   3.50196740742961E-001    3.37724728778122E+000    1.45005708364038E+003    4.23986586059696E+004    1.05974548863701E-001    2.27721347108515E+003    5.85616777844938E+005    1.19361915311001E+006
   3.50567290517108E-001    3.37724728778122E+000    1.44992228355005E+003    4.23944926295978E+004    1.05973987639367E-001    2.27710762155705E+003    5.85559236740109E+005    1.19347765010478E+006
   3.50937773658615E-001    3.37724728778122E+000    1.44979588612019E+003    4.23849047001662E+004    1.05959257616392E-001    2.27700836560826E+003    5.85426806787735E+005    1.19315198315244E+006
   3.51308180752940E-001    3.37724728778122E+000    1.44968646651066E+003    4.23733392272742E+004    1.05938340177199E-001    2.27692243831677E+003    5.85267062701672E+005    1.19275914626977E+006
   3.51678506234846E-001    3.37724728778122E+000    1.44962320186335E+003    4.23621367656426E+004    1.05914954856064E-001    2.27687275506802E+003    5.85112332582835E+005    1.19237863955408E+006
   3.52048751099830E-001    3.37724728778122E+000    1.44958584693011E+003    4.23498619365419E+004    1.05886993570076E-001    2.27684341883169E+003    5.84942790759984E+005    1.19196170843123E+006
   3.52418912937690E-001    3.37724728778122E+000    1.44957169116899E+003    4.23364685372174E+004    1.05854539879701E-001    2.27683230168043E+003    5.84757799073578E+005    1.19150678356234E+006
   3.52788989291787E-001    3.37724728778122E+000    1.44958145740925E+003    4.23221847388904E+004    1.05818112942147E-001    2.27683997155077E+003    5.84560509059539E+005    1.19102161509065E+006
   3.53158978336496E-001    3.37724728778122E+000    1.44961583881965E+003    4.23073287714793E+004    1.05778459711992E-001    2.27686697262233E+003    5.84355316158323E+005    1.19051701212445E+006
   3.53528878735307E-001    3.37724728778122E+000    1.44967119405117E+003    4.22918835349994E+004    1.05735805277639E-001    2.27691044458636E+003    5.84141984182315E+005    1.18999239383971E+006
   3.53898689209449E-001    3.37724728778122E+000    1.44974102764633E+003    4.22755165475217E+004    1.05689794158346E-001    2.27696528561790E+003    5.83915920840105E+005    1.18943646703936E+006
   3.54268408271798E-001    3.37724728778122E+000    1.44982634192729E+003    4.22584081110920E+004    1.05640805917066E-001    2.27703228199677E+003    5.83679616491210E+005    1.18885535592552E+006
   3.54638034585188E-001    3.37724728778122E+000    1.44992551988600E+003    4.22405179180851E+004    1.05588859647651E-001    2.27711016289366E+003    5.83432514400526E+005    1.18824769139535E+006
   3.55007566757682E-001    3.37724728778122E+000    1.45003945353363E+003    4.22221027542139E+004    1.05534534364645E-001    2.27719962761682E+003    5.83178161331719E+005    1.18762219552185E+006
   3.55377003803985E-001    3.37724728778122E+000    1.45016321312212E+003    4.22029567641011E+004    1.05477676359525E-001    2.27729680403330E+003    5.82913713978732E+005    1.18697187614955E+006
   3.55746344771991E-001    3.37724728778122E+000    1.45029584407144E+003    4.21831553327837E+004    1.05418545214591E-001    2.27740094166708E+003    5.82640213571265E+005    1.18629929383288E+006
   3.56115588989765E-001    3.37724728778122E+000    1.45043498458465E+003    4.21625822469640E+004    1.05357023798359E-001    2.27751018528699E+003    5.82356054953417E+005    1.18560050123047E+006
   3.56484735922758E-001    3.37724728778122E+000    1.45058303946612E+003    4.21415052136958E+004    1.05293607955456E-001    2.27762642210546E+003    5.82064935736091E+005    1.18488459137341E+006
   3.56853785129784E-001    3.37724728778122E+000    1.45073960678170E+003    4.21200143035382E+004    1.05228553612427E-001    2.27774933552140E+003    5.81768099987668E+005    1.18415462362970E+006
   3.57222736591741E-001    3.37724728778122E+000    1.45090868474982E+003    4.20987002103924E+004    1.05163048214162E-001    2.27788206299621E+003    5.81473706462940E+005    1.18343066171422E+006
   3.57591592123081E-001    3.37724728778122E+000    1.45108638741907E+003    4.20773960962484E+004    1.05096958346151E-001    2.27802155259111E+003    5.81179450769717E+005    1.18270703874900E+006
   3.57960352413300E-001    3.37724728778122E+000    1.45125842706276E+003    4.20547346581668E+004    1.05027904715165E-001    2.27815658879715E+003    5.80866447510014E+005    1.18193731244590E+006
   3.58329015661682E-001    3.37724728778122E+000    1.45142099191442E+003    4.20306457944492E+004    1.04955988152149E-001    2.27828418075814E+003    5.80533728428419E+005    1.18111910170621E+006
   3.58697593637708E-001    3.37724728778122E+000    1.45157695867359E+003    4.20056197902185E+004    1.04882224533885E-001    2.27840658737093E+003    5.80188065418272E+005    1.18026905972527E+006
   3.59067819066869E-001    3.37724728778122E+000    1.45176241874191E+003    4.19865267895649E+004    1.04821159523571E-001    2.27855213251163E+003    5.79924349963827E+005    1.17962054021141E+006
   3.59444911961213E-001    3.37724728778122E+000    1.45218429208194E+003    4.20164115432129E+004    1.04865294871284E-001    2.27888317516786E+003    5.80337122766398E+005    1.18063561616827E+006
   3.59819456372003E-001    3.37724728778122E+000    1.45282987023624E+003    4.20944081508633E+004    1.05013275821005E-001    2.27938966519493E+003    5.81414423878199E+005    1.18328487612453E+006
   3.60191311516343E-001    3.37724728778122E+000    1.45313040425645E+003    4.21079568467869E+004    1.05025350205236E-001    2.27962541155817E+003    5.81601560545056E+005    1.18374507585181E+006
   3.60564804376197E-001    3.37724728778122E+000    1.45340806499086E+003    4.21184242731923E+004    1.05031388831334E-001    2.27984319388202E+003    5.81746138244573E+005    1.18410061610486E+006
   3.60938506533517E-001    3.37724728778122E+000    1.45367766368141E+003    4.21287900739559E+004    1.05037754305901E-001    2.28005463286258E+003    5.81889312275134E+005    1.18445270450595E+006
   3.61312134843120E-001    3.37724728778122E+000    1.45393912032950E+003    4.21386926257260E+004    1.05043550876197E-001    2.28025966753225E+003    5.82026087839519E+005    1.18478905803028E+006
   3.61685636775792E-001    3.37724728778122E+000    1.45419022437546E+003    4.21477448298815E+004    1.05047973839536E-001    2.28045656632271E+003    5.82151118272186E+005    1.18509652835120E+006
   3.62059017397020E-001    3.37724728778122E+000    1.45442986784066E+003    4.21558428268307E+004    1.05050845214879E-001    2.28064446264861E+003    5.82262969048514E+005    1.18537158773762E+006
   3.62432360471977E-001    3.37724728778122E+000    1.45466129027832E+003    4.21634593767410E+004    1.05053109798050E-001    2.28082589845357E+003    5.82368170004475E+005    1.18563029412615E+006
   3.62805675323673E-001    3.37724728778122E+000    1.45488610239766E+003    4.21705153224499E+004    1.05054454415570E-001    2.28100213793210E+003    5.82465627809192E+005    1.18586995883700E+006
   3.63178930399055E-001    3.37724728778122E+000    1.45510350976314E+003    4.21767979203531E+004    1.05054406964467E-001    2.28117255956850E+003    5.82552404015363E+005    1.18608335574679E+006
   3.63552106621478E-001    3.37724728778122E+000    1.45531659739027E+003    4.21826548545532E+004    1.05053611262435E-001    2.28133958268743E+003    5.82633300889157E+005    1.18628229441489E+006
   3.63925177347984E-001    3.37724728778122E+000    1.45552212634645E+003    4.21877045554839E+004    1.05051351256342E-001    2.28150066955697E+003    5.82703048133182E+005    1.18645381431646E+006
   3.64298185086024E-001    3.37724728778122E+000    1.45572045878994E+003    4.21921516440666E+004    1.05048110853076E-001    2.28165610525286E+003    5.82764472002998E+005    1.18660486567701E+006
   3.64671147946134E-001    3.37724728778122E+000    1.45591156345952E+003    4.21959578716853E+004    1.05043797443571E-001    2.28180586643259E+003    5.82817044202854E+005    1.18673414933073E+006
   3.65044074848369E-001    3.37724728778122E+000    1.45609903924726E+003    4.21993372166371E+004    1.05038684388275E-001    2.28195277425055E+003    5.82863720233817E+005    1.18684893333902E+006
   3.65416921610525E-001    3.37724728778122E+000    1.45628062758592E+003    4.22020214222483E+004    1.05032267218255E-001    2.28209505959095E+003    5.82900794893553E+005    1.18694010600222E+006
   3.65789678561246E-001    3.37724728778122E+000    1.45645868381723E+003    4.22042070980152E+004    1.05024865762213E-001    2.28223456870006E+003    5.82930983782591E+005    1.18701434542700E+006
   3.66162334841401E-001    3.37724728778122E+000    1.45663145948406E+003    4.22056892272860E+004    1.05016096261092E-001    2.28236993227420E+003    5.82951455179481E+005    1.18706468794631E+006
   3.66534916058364E-001    3.37724728778122E+000    1.45679881893184E+003    4.22065937175864E+004    1.05006282131066E-001    2.28250104477965E+003    5.82963948138286E+005    1.18709541017906E+006
   3.66907453070750E-001    3.37724728778122E+000    1.45696121305534E+003    4.22068719049788E+004    1.04995270071000E-001    2.28262826015851E+003    5.82967790505231E+005    1.18710485918898E+006
   3.67279946102312E-001    3.37724728778122E+000    1.45712086993559E+003    4.22066708904172E+004    1.04983265732735E-001    2.28275332434008E+003    5.82965014061264E+005    1.18709803145833E+006
   3.67652347252808E-001    3.37724728778122E+000    1.45727745160603E+003    4.22058189860174E+004    1.04969866715073E-001    2.28287597295973E+003    5.82953247426988E+005    1.18706909537660E+006
   3.68024647813186E-001    3.37724728778122E+000    1.45743230449033E+003    4.22044320399196E+004    1.04955264516461E-001    2.28299726096082E+003    5.82934090714688E+005    1.18702198588212E+006
   3.68396854475845E-001    3.37724728778122E+000    1.45758325648852E+003    4.22023715604834E+004    1.04939271480324E-001    2.28311548740410E+003    5.82905631056578E+005    1.18695199891954E+006
   3.68768956534601E-001    3.37724728778122E+000    1.45772982856380E+003    4.21996191882764E+004    1.04921876742128E-001    2.28323027760950E+003    5.82867614869361E+005    1.18685851088598E+006
   3.69140998407886E-001    3.37724728778122E+000    1.45787974229557E+003    4.21965824658472E+004    1.04903538132656E-001    2.28334767891558E+003    5.82825671193249E+005    1.18675536451370E+006
   3.69513150563214E-001    3.37724728778122E+000    1.45804637260150E+003    4.21938861351000E+004    1.04884846920114E-001    2.28347816431851E+003    5.82788429059273E+005    1.18666378000390E+006
   3.69885300787686E-001    3.37724728778122E+000    1.45819197011610E+003    4.21865523998815E+004    1.04856146126142E-001    2.28359217319097E+003    5.82687134383229E+005    1.18641467979776E+006
   3.70257418138279E-001    3.37724728778122E+000    1.45830889833547E+003    4.21750032048930E+004    1.04819035062633E-001    2.28368372869925E+003    5.82527615130067E+005    1.18602239581603E+006
   3.70629511415254E-001    3.37724728778122E+000    1.45845420974298E+003    4.21649176653939E+004    1.04783528086142E-001    2.28379750330185E+003    5.82388312111092E+005    1.18567982686673E+006
   3.71001611158190E-001    3.37724728778122E+000    1.45862520819300E+003    4.21561098480096E+004    1.04749358404265E-001    2.28393138285197E+003    5.82266657186006E+005    1.18538065747204E+006
   3.71373739003437E-001    3.37724728778122E+000    1.45883401394401E+003    4.21496237773772E+004    1.04718251165319E-001    2.28409485217189E+003    5.82177070583281E+005    1.18516034933663E+006
   3.71745877824330E-001    3.37724728778122E+000    1.45907809302950E+003    4.21453468613271E+004    1.04690109605299E-001    2.28428592136151E+003    5.82117997162594E+005    1.18501507811562E+006
   3.72118012300079E-001    3.37724728778122E+000    1.45933103700527E+003    4.21412650843936E+004    1.04661826323041E-001    2.28448391327372E+003    5.82061619033327E+005    1.18487643505785E+006
   3.72490145700282E-001    3.37724728778122E+000    1.45958675385773E+003    4.21370492176234E+004    1.04633021097708E-001    2.28468405821407E+003    5.82003388834661E+005    1.18473323745796E+006
   3.72862298834661E-001    3.37724728778122E+000    1.45984356973860E+003    4.21327870661184E+004    1.04604032301454E-001    2.28488504569909E+003    5.81944519344137E+005    1.18458846773464E+006
   3.73234491514767E-001    3.37724728778122E+000    1.46010296576078E+003    4.21286869284221E+004    1.04575271072651E-001    2.28508803449125E+003    5.81887887613195E+005    1.18444920102880E+006
   3.73606716748476E-001    3.37724728778122E+000    1.46036608920242E+003    4.21248139842611E+004    1.04546817074817E-001    2.28529392173227E+003    5.81834393914223E+005    1.18431765125776E+006
   3.73978949810218E-001    3.37724728778122E+000    1.46063076241910E+003    4.21209151759605E+004    1.04518198252457E-001    2.28550100292054E+003    5.81780542975784E+005    1.18418522297633E+006
   3.74351217126376E-001    3.37724728778122E+000    1.46089637602387E+003    4.21171039045735E+004    1.04489739712625E-001    2.28570880101023E+003    5.81727901110629E+005    1.18405576800423E+006
   3.74723511822061E-001    3.37724728778122E+000    1.46116023021751E+003    4.21132590605049E+004    1.04461334026614E-001    2.28591520395351E+003    5.81674795534443E+005    1.18392517269071E+006
   3.75095846574896E-001    3.37724728778122E+000    1.46142372726920E+003    4.21095572780060E+004    1.04433318917117E-001    2.28612130892112E+003    5.81623665946607E+005    1.18379943665633E+006
   3.75468267430321E-001    3.37724728778122E+000    1.46168788722401E+003    4.21061514874780E+004    1.04406000497142E-001    2.28632791375560E+003    5.81576624645288E+005    1.18368375438838E+006
   3.75840773800616E-001    3.37724728778122E+000    1.46195221544628E+003    4.21029278491534E+004    1.04379131516891E-001    2.28653463150937E+003    5.81532099258149E+005    1.18357425916565E+006
   3.76213323741343E-001    3.37724728778122E+000    1.46221813018480E+003    4.20999134595484E+004    1.04352677690999E-001    2.28674257114186E+003    5.81490464046430E+005    1.18347187135785E+006
   3.76585911933376E-001    3.37724728778122E+000    1.46248507432097E+003    4.20971044836580E+004    1.04326669117200E-001    2.28695129672457E+003    5.81451666040454E+005    1.18337646070387E+006
   3.76958547489259E-001    3.37724728778122E+000    1.46275265223451E+003    4.20945683416362E+004    1.04301300868879E-001    2.28716049874633E+003    5.81416636457732E+005    1.18329031722014E+006
   3.77331262504177E-001    3.37724728778122E+000    1.46301948013588E+003    4.20923067243337E+004    1.04276675445934E-001    2.28736909532848E+003    5.81385398652553E+005    1.18321349833870E+006
   3.77704066673181E-001    3.37724728778122E+000    1.46328642938881E+003    4.20903023406333E+004    1.04252687495218E-001    2.28757776774476E+003    5.81357713797351E+005    1.18314541674343E+006
   3.78077097851878E-001    3.37724728778122E+000    1.46355415574288E+003    4.20888399083438E+004    1.04229995056876E-001    2.28778702849921E+003    5.81337514458190E+005    1.18309574325865E+006
   3.78451173560564E-001    3.37724728778122E+000    1.46384543112013E+003    4.20923324755978E+004    1.04217902785690E-001    2.28801467394542E+003    5.81385754332963E+005    1.18321437301511E+006
   3.78827192511484E-001    3.37724728778122E+000    1.46420789140263E+003    4.21107492054244E+004    1.04237691304156E-001    2.28829792212775E+003    5.81640129030987E+005    1.18383992207840E+006
   3.79201265733336E-001    3.37724728778122E+000    1.46454852742161E+003    4.21257514410960E+004    1.04250573632569E-001    2.28856408356888E+003    5.81847342211859E+005    1.18434949324330E+006
   3.79575045526579E-001    3.37724728778122E+000    1.46483656355910E+003    4.21305389091860E+004    1.04241919905613E-001    2.28878912109370E+003    5.81913467455654E+005    1.18451210605282E+006
   3.79948835296139E-001    3.37724728778122E+000    1.46511940188572E+003    4.21348078151282E+004    1.04232356560024E-001    2.28901007613241E+003    5.81972430239501E+005    1.18465710519971E+006
   3.80322573004458E-001    3.37724728778122E+000    1.46539732436625E+003    4.21384299380715E+004    1.04221546836497E-001    2.28922717010826E+003    5.82022459557332E+005    1.18478013548986E+006
   3.80696234372726E-001    3.37724728778122E+000    1.46567243441977E+003    4.21415141334385E+004    1.04209610964979E-001    2.28944204693477E+003    5.82065058936946E+005    1.18488489434450E+006
   3.81069814719114E-001    3.37724728778122E+000    1.46594602405867E+003    4.21441391760699E+004    1.04196652439054E-001    2.28965571623110E+003    5.82101316428528E+005    1.18497405745731E+006
   3.81443340970141E-001    3.37724728778122E+000    1.46622066896144E+003    4.21464928160046E+004    1.04182952879348E-001    2.28987018961915E+003    5.82133825264423E+005    1.18505400201155E+006
   3.81816826516112E-001    3.37724728778122E+000    1.46649340005316E+003    4.21483198423542E+004    1.04168092887476E-001    2.29008314861331E+003    5.82159060432682E+005    1.18511605942524E+006
   3.82190267793709E-001    3.37724728778122E+000    1.46676300441334E+003    4.21494423046362E+004    1.04151719462249E-001    2.29029364667206E+003    5.82174564053940E+005    1.18515418537027E+006
   3.82563638708054E-001    3.37724728778122E+000    1.46702842884111E+003    4.21496957350902E+004    1.04133501764499E-001    2.29050086228220E+003    5.82178064474254E+005    1.18516279347739E+006
   3.82936967136021E-001    3.37724728778122E+000    1.46729313499884E+003    4.21495143682449E+004    1.04114267623686E-001    2.29070749847375E+003    5.82175559407559E+005    1.18515663310791E+006
   3.83310281040880E-001    3.37724728778122E+000    1.46755723135425E+003    4.21489916714613E+004    1.04094240701803E-001    2.29091364006462E+003    5.82168339839388E+005    1.18513887900681E+006
   3.83683583771023E-001    3.37724728778122E+000    1.46782568291333E+003    4.21485968978724E+004    1.04074228057389E-001    2.29112316212048E+003    5.82162887166008E+005    1.18512546998952E+006
   3.84056897601286E-001    3.37724728778122E+000    1.46809772224202E+003    4.21482880042426E+004    1.04054180459241E-001    2.29133546482721E+003    5.82158620679799E+005    1.18511497800084E+006
   3.84430227998094E-001    3.37724728778122E+000    1.46837020252110E+003    4.21477584071990E+004    1.04033564284453E-001    2.29154809193999E+003    5.82151305804178E+005    1.18509698952310E+006
   3.84803567473844E-001    3.37724728778122E+000    1.46864165234832E+003    4.21468614229952E+004    1.04012122082505E-001    2.29175989533496E+003    5.82138916520731E+005    1.18506652224505E+006
   3.85176901133249E-001    3.37724728778122E+000    1.46891334178678E+003    4.21457034290532E+004    1.03990026828647E-001    2.29197186609184E+003    5.82122922130735E+005    1.18502718941926E+006
   3.85550225691535E-001    3.37724728778122E+000    1.46918500185649E+003    4.21442716527757E+004    1.03967266421237E-001    2.29218379433645E+003    5.82103146217114E+005    1.18497855720727E+006
   3.85923541180479E-001    3.37724728778122E+000    1.46946002841068E+003    4.21428389981624E+004    1.03944274129459E-001    2.29239832889465E+003    5.82083358171785E+005    1.18492989516141E+006
   3.86296869577970E-001    3.37724728778122E+000    1.46973977364833E+003    4.21415980062052E+004    1.03921429438627E-001    2.29261652366855E+003    5.82066217400468E+005    1.18488774319612E+006
   3.86670212081305E-001    3.37724728778122E+000    1.47002216788518E+003    4.21402824147412E+004    1.03898222288391E-001    2.29283676354007E+003    5.82048046249318E+005    1.18484305735799E+006
   3.87043593322447E-001    3.37724728778122E+000    1.47030625397920E+003    4.21388900153656E+004    1.03874715189656E-001    2.29305830155092E+003    5.82028814215507E+005    1.18479576263557E+006
   3.87416980240923E-001    3.37724728778122E+000    1.47058919653525E+003    4.21371014371518E+004    1.03850321513257E-001    2.29327892652775E+003    5.82004110098799E+005    1.18473501116466E+006
   3.87790367398462E-001    3.37724728778122E+000    1.47087496299182E+003    4.21352562101823E+004    1.03825598300293E-001    2.29350173190422E+003    5.81978623540784E+005    1.18467233554238E+006
   3.88163748388543E-001    3.37724728778122E+000    1.47116514567066E+003    4.21335195126777E+004    1.03800840472025E-001    2.29372795835832E+003    5.81954636008392E+005    1.18461334626972E+006
   3.88537142811705E-001    3.37724728778122E+000    1.47146407225874E+003    4.21321254467262E+004    1.03776319679288E-001    2.29396097823663E+003    5.81935380955580E+005    1.18456599493980E+006
   3.88910586301549E-001    3.37724728778122E+000    1.47176723508063E+003    4.21305360150997E+004    1.03751029105963E-001    2.29419727617963E+003    5.81913427482089E+005    1.18451200775127E+006
   3.89284096785781E-001    3.37724728778122E+000    1.47205943114753E+003    4.21275888673677E+004    1.03723178840155E-001    2.29442500313807E+003    5.81872721025438E+005    1.18441190390437E+006
   3.89657654129781E-001    3.37724728778122E+000    1.47237093623266E+003    4.21259489228177E+004    1.03697197553543E-001    2.29466775395158E+003    5.81850069859698E+005    1.18435620097628E+006
   3.90031242694936E-001    3.37724728778122E+000    1.47268334987926E+003    4.21241853902498E+004    1.03670859139334E-001    2.29491118700205E+003    5.81825711677294E+005    1.18429630021451E+006
   3.90404843660265E-001    3.37724728778122E+000    1.47299958408980E+003    4.21225636092776E+004    1.03644611858264E-001    2.29515757074508E+003    5.81803311389678E+005    1.18424121423684E+006
   3.90778458141811E-001    3.37724728778122E+000    1.47331780207965E+003    4.21210046636706E+004    1.03618390901648E-001    2.29540547339048E+003    5.81781778993766E+005    1.18418826254708E+006
   3.91152104026927E-001    3.37724728778122E+000    1.47364049506551E+003    4.21197847763462E+004    1.03592700598088E-001    2.29565683487232E+003    5.81764929722876E+005    1.18414682742911E+006
   3.91525799256542E-001    3.37724728778122E+000    1.47396623379861E+003    4.21187838037876E+004    1.03567345833452E-001    2.29591054092643E+003    5.81751104136319E+005    1.18411282804636E+006
   3.91899540633251E-001    3.37724728778122E+000    1.47429398871518E+003    4.21178626515355E+004    1.03542056902420E-001    2.29616578901945E+003    5.81738381040081E+005    1.18408153986795E+006
   3.92273320423977E-001    3.37724728778122E+000    1.47462289717822E+003    4.21169735639851E+004    1.03516777045321E-001    2.29642190694742E+003    5.81726100826423E+005    1.18405134081038E+006
   3.92647103172364E-001    3.37724728778122E+000    1.47494974501983E+003    4.21158247325339E+004    1.03491014781213E-001    2.29667639199527E+003    5.81710232990155E+005    1.18401231920095E+006
   3.93020887731876E-001    3.37724728778122E+000    1.47527710717768E+003    4.21146391993169E+004    1.03465137694895E-001    2.29693124922993E+003    5.81693858223467E+005    1.18397205096656E+006
   3.93394690332434E-001    3.37724728778122E+000    1.47560543519378E+003    4.21135720953384E+004    1.03439495270277E-001    2.29718683000241E+003    5.81679119219591E+005    1.18393580534095E+006
   3.93768526869694E-001    3.37724728778122E+000    1.47593600423643E+003    4.21127478379807E+004    1.03414303580100E-001    2.29744412653586E+003    5.81667734450502E+005    1.18390780832830E+006
   3.94142412818249E-001    3.37724728778122E+000    1.47626991164622E+003    4.21122223419312E+004    1.03389622860819E-001    2.29770399221843E+003    5.81660476218440E+005    1.18388995914636E+006
   3.94516352001883E-001    3.37724728778122E+000    1.47660677613021E+003    4.21119363383507E+004    1.03365334146869E-001    2.29796612948539E+003    5.81656525893105E+005    1.18388024464907E+006
   3.94890309109067E-001    3.37724728778122E+000    1.47694314056614E+003    4.21115132017669E+004    1.03340754979241E-001    2.29822784779779E+003    5.81650681465689E+005    1.18386587224441E+006
   3.95264281516981E-001    3.37724728778122E+000    1.47727833294714E+003    4.21109297831374E+004    1.03315875734912E-001    2.29848862451306E+003    5.81642623198064E+005    1.18384605564392E+006
   3.95638260586157E-001    3.37724728778122E+000    1.47761411515862E+003    4.21103818821509E+004    1.03291053666654E-001    2.29874983044986E+003    5.81635055505574E+005    1.18382744544808E+006
   3.96012264197222E-001    3.37724728778122E+000    1.47794987672117E+003    4.21098969444990E+004    1.03266398725474E-001    2.29901099064919E+003    5.81628357472323E+005    1.18381097388680E+006
   3.96386302106827E-001    3.37724728778122E+000    1.47828807680044E+003    4.21097028508255E+004    1.03242297756676E-001    2.29927401757460E+003    5.81625676620725E+005    1.18380438123345E+006
   3.96760366452597E-001    3.37724728778122E+000    1.47862810706201E+003    4.21096190955503E+004    1.03218350513370E-001    2.29953843754966E+003    5.81624519780013E+005    1.18380153637258E+006
   3.97134498815179E-001    3.37724728778122E+000    1.47897027058320E+003    4.21096901441959E+004    1.03194644799215E-001    2.29980448573710E+003    5.81625501114808E+005    1.18380394963564E+006
   3.97508770249369E-001    3.37724728778122E+000    1.47931759238530E+003    4.21104272231318E+004    1.03172222101826E-001    2.30007451325687E+003    5.81635681762159E+005    1.18382898551564E+006
   3.97883382400285E-001    3.37724728778122E+000    1.47967534060552E+003    4.21132726856940E+004    1.03154247468671E-001    2.30035261372217E+003    5.81674983727644E+005    1.18392563548863E+006
   3.98257665730211E-001    3.37724728778122E+000    1.48002675121457E+003    4.21149419649080E+004    1.03133842848895E-001    2.30062575483001E+003    5.81698040068264E+005    1.18398233480814E+006
   3.98631888529952E-001    3.37724728778122E+000    1.48037229164281E+003    4.21154844706462E+004    1.03111098123334E-001    2.30089430160246E+003    5.81705533240756E+005    1.18400076174710E+006
   3.99006063079506E-001    3.37724728778122E+000    1.48071709060788E+003    4.21156873437773E+004    1.03087584307352E-001    2.30116224088655E+003    5.81708335355570E+005    1.18400765260657E+006
   3.99380215371877E-001    3.37724728778122E+000    1.48106053020682E+003    4.21155250996668E+004    1.03063282536213E-001    2.30142909281289E+003    5.81706094415023E+005    1.18400214176657E+006
   3.99754370272097E-001    3.37724728778122E+000    1.48140700189162E+003    4.21153799525445E+004    1.03038822966066E-001    2.30169826931536E+003    5.81704089620700E+005    1.18399721164883E+006
   4.00128529753676E-001    3.37724728778122E+000    1.48175587933172E+003    4.21152121212922E+004    1.03014152096391E-001    2.30196928306329E+003    5.81701771509692E+005    1.18399151103403E+006
   4.00502677023604E-001    3.37724728778122E+000    1.48210541777822E+003    4.21148517429165E+004    1.02988976048231E-001    2.30224077829814E+003    5.81696793908275E+005    1.18397927029653E+006
   4.00876799201696E-001    3.37724728778122E+000    1.48245428092785E+003    4.21141895311286E+004    1.02963120835817E-001    2.30251171709304E+003    5.81687647337458E+005    1.18395677738017E+006
   4.01250907441592E-001    3.37724728778122E+000    1.48280203196560E+003    4.21132296275062E+004    1.02936627350211E-001    2.30278176045902E+003    5.81674389001349E+005    1.18392417295922E+006
   4.01625015688545E-001    3.37724728778122E+000    1.48315035093857E+003    4.21122326066974E+004    1.02910016177911E-001    2.30305221310926E+003    5.81660617996965E+005    1.18389030780298E+006
   4.01999128667731E-001    3.37724728778122E+000    1.48349963048765E+003    4.21111799055232E+004    1.02883214849731E-001    2.30332337971226E+003    5.81646077926833E+005    1.18385455138805E+006
   4.02373263402672E-001    3.37724728778122E+000    1.48384895696135E+003    4.21100320458266E+004    1.02856190456061E-001    2.30359455081897E+003    5.81630223512588E+005    1.18381556278558E+006
   4.02747412228272E-001    3.37724728778122E+000    1.48420226981422E+003    4.21090079404347E+004    1.02829204802470E-001    2.30386878395996E+003    5.81616078411788E+005    1.18378077766495E+006
   4.03121571152869E-001    3.37724728778122E+000    1.48455701526763E+003    4.21078823820333E+004    1.02801885102618E-001    2.30414409621457E+003    5.81600532026455E+005    1.18374254655604E+006
   4.03495721848182E-001    3.37724728778122E+000    1.48491428877175E+003    4.21067222383934E+004    1.02774319067657E-001    2.30442133720442E+003    5.81584507944502E+005    1.18370314071288E+006
   4.03869879252920E-001    3.37724728778122E+000    1.48527200386695E+003    4.21054146412408E+004    1.02746375927756E-001    2.30469888745270E+003    5.81566447212006E+005    1.18365872641231E+006
   4.04244036221487E-001    3.37724728778122E+000    1.48563115805983E+003    4.21041073919718E+004    1.02718347591993E-001    2.30497752067054E+003    5.81548391284533E+005    1.18361432392808E+006
   4.04618198394819E-001    3.37724728778122E+000    1.48599092450108E+003    4.21027463887838E+004    1.02690159387155E-001    2.30525659510888E+003    5.81529592899684E+005    1.18356809561950E+006
   4.04992276503771E-001    3.37724728778122E+000    1.48635186348405E+003    4.21014684105728E+004    1.02662106292679E-001    2.30553654515360E+003    5.81511941268555E+005    1.18352468736623E+006
   4.05366168678310E-001    3.37724728778122E+000    1.48671325532635E+003    4.21001154317702E+004    1.02633852716340E-001    2.30581681239043E+003    5.81493253717747E+005    1.18347873161673E+006
   4.05739811173203E-001    3.37724728778122E+000    1.48707702287694E+003    4.20988602384913E+004    1.02605687281252E-001    2.30609888764239E+003    5.81475916795595E+005    1.18343609728439E+006
   4.06113323718917E-001    3.37724728778122E+000    1.48744357897045E+003    4.20976391499972E+004    1.02577426419658E-001    2.30638309031031E+003    5.81459050933965E+005    1.18339462136707E+006
   4.06486644546777E-001    3.37724728778122E+000    1.48781137332372E+003    4.20963386880600E+004    1.02548900777057E-001    2.30666821784663E+003    5.81441088754160E+005    1.18335044942372E+006
   4.06859615486080E-001    3.37724728778122E+000    1.48818053809672E+003    4.20949888211906E+004    1.02520174503289E-001    2.30695437234461E+003    5.81422444185850E+005    1.18330459937522E+006
   4.07232121840945E-001    3.37724728778122E+000    1.48855046166227E+003    4.20935981321195E+004    1.02491310836971E-001    2.30724107941360E+003    5.81403235775029E+005    1.18325736274560E+006
   4.07604229428469E-001    3.37724728778122E+000    1.48892282486166E+003    4.20923861897965E+004    1.02462728737448E-001    2.30752964133027E+003    5.81386496241716E+005    1.18321619749031E+006
   4.07975776521080E-001    3.37724728778122E+000    1.48929027053542E+003    4.20907355547564E+004    1.02433431543093E-001    2.30781435705363E+003    5.81363697417287E+005    1.18316013144531E+006
   4.08346954711785E-001    3.37724728778122E+000    1.48966237376173E+003    4.20894409972380E+004    1.02404694972646E-001    2.30810264589554E+003    5.81345816790220E+005    1.18311616005350E+006
   4.08717808814610E-001    3.37724728778122E+000    1.49003520291418E+003    4.20880665835461E+004    1.02375728635067E-001    2.30839146104333E+003    5.81326833177434E+005    1.18306947623908E+006
   4.09088398760608E-001    3.37724728778122E+000    1.49040963134005E+003    4.20866956817965E+004    1.02346675507369E-001    2.30868147871785E+003    5.81307898072132E+005    1.18302291171251E+006
   4.09458672970185E-001    3.37724728778122E+000    1.49078624080970E+003    4.20853810433547E+004    1.02317624068323E-001    2.30897314899748E+003    5.81289740084271E+005    1.18297825824506E+006
   4.09828637308739E-001    3.37724728778122E+000    1.49116601094689E+003    4.20842424286067E+004    1.02288798331782E-001    2.30926722979443E+003    5.81274013362675E+005    1.18293958365974E+006
   4.10198220089322E-001    3.37724728778122E+000    1.49154538105836E+003    4.20830471958343E+004    1.02259877120637E-001    2.30956096343865E+003    5.81257504624239E+005    1.18289898596687E+006
   4.10567366217290E-001    3.37724728778122E+000    1.49192463715547E+003    4.20818549350379E+004    1.02230985650321E-001    2.30985457146941E+003    5.81241036935192E+005    1.18285848922117E+006
   4.10936048697707E-001    3.37724728778122E+000    1.49230345952231E+003    4.20806484185732E+004    1.02202103946528E-001    2.31014780646787E+003    5.81224372344668E+005    1.18281750826248E+006
   4.11304307282003E-001    3.37724728778122E+000    1.49268266420457E+003    4.20795503918499E+004    1.02173474157282E-001    2.31044130013224E+003    5.81209206231096E+005    1.18278021230414E+006
   4.11672206463299E-001    3.37724728778122E+000    1.49306090680391E+003    4.20783209249713E+004    1.02144605660376E-001    2.31073401203591E+003    5.81192224645933E+005    1.18273845180369E+006
   4.12039829346077E-001    3.37724728778122E+000    1.49343987699422E+003    4.20770423476867E+004    1.02115582851927E-001    2.31102724982133E+003    5.81174564740307E+005    1.18269502320207E+006
   4.12407222822239E-001    3.37724728778122E+000    1.49382238433968E+003    4.20759655106048E+004    1.02086822515188E-001    2.31132318684458E+003    5.81159691301314E+005    1.18265844697849E+006
   4.12774330894692E-001    3.37724728778122E+000    1.49420514765994E+003    4.20748208352386E+004    1.02057894869157E-001    2.31161928398522E+003    5.81143880869530E+005    1.18261956653609E+006
   4.13141108459267E-001    3.37724728778122E+000    1.49458939809490E+003    4.20737140055852E+004    1.02028972297172E-001    2.31191649338080E+003    5.81128593168538E+005    1.18258197157437E+006
   4.13507487175433E-001    3.37724728778122E+000    1.49497355330926E+003    4.20725665398337E+004    1.01999972572373E-001    2.31221359093652E+003    5.81112744195524E+005    1.18254299635278E+006
   4.13873435772529E-001    3.37724728778122E+000    1.49535762296743E+003    4.20714217523727E+004    1.01971000073302E-001    2.31251058416832E+003    5.81096932215469E+005    1.18250411210293E+006
   4.14238954181458E-001    3.37724728778122E+000    1.49574155612197E+003    4.20702753856470E+004    1.01942047929691E-001    2.31280743372735E+003    5.81081098422368E+005    1.18246517421124E+006
   4.14604081358337E-001    3.37724728778122E+000    1.49612442516313E+003    4.20689989543479E+004    1.01912868047080E-001    2.31310342259724E+003    5.81063468157422E+005    1.18242181850091E+006
   4.14968885200843E-001    3.37724728778122E+000    1.49650716166404E+003    4.20676605902278E+004    1.01883562123862E-001    2.31339927115198E+003    5.81044982466852E+005    1.18237635915880E+006
   4.15333484461540E-001    3.37724728778122E+000    1.49689203625405E+003    4.20664075029660E+004    1.01854332181909E-001    2.31369673426460E+003    5.81027674633333E+005    1.18233379636019E+006
   4.15697851050684E-001    3.37724728778122E+000    1.49727921823507E+003    4.20652716353044E+004    1.01825244096322E-001    2.31399594213769E+003    5.81011985854916E+005    1.18229521508336E+006
   4.16061927622981E-001    3.37724728778122E+000    1.49766840899194E+003    4.20642391596837E+004    1.01796284725388E-001    2.31429666337458E+003    5.80997725143230E+005    1.18226014565662E+006
   4.16425667754721E-001    3.37724728778122E+000    1.49805766878454E+003    4.20631561772010E+004    1.01767213515933E-001    2.31459739887299E+003    5.80982766823019E+005    1.18222336069621E+006
   4.16789034839706E-001    3.37724728778122E+000    1.49844942705091E+003    4.20624930325552E+004    1.01739003261264E-001    2.31490002520339E+003    5.80973607367426E+005    1.18220083609407E+006
   4.17151932332294E-001    3.37724728778122E+000    1.49883752779807E+003    4.20613263873014E+004    1.01709838421038E-001    2.31519978715998E+003    5.80957493484184E+005    1.18216120941482E+006
   4.17514407566767E-001    3.37724728778122E+000    1.49922406052870E+003    4.20599106581807E+004    1.01680192864442E-001    2.31549829943714E+003    5.80937939216355E+005    1.18211312226614E+006
   4.17876594848430E-001    3.37724728778122E+000    1.49960994013944E+003    4.20583276179914E+004    1.01650202490109E-001    2.31579626893999E+003    5.80916074022376E+005    1.18205935217140E+006
   4.18238543962903E-001    3.37724728778122E+000    1.49999707236994E+003    4.20567653275366E+004    1.01620192821692E-001    2.31609516717284E+003    5.80894495426913E+005    1.18200628686938E+006
   4.18600290246204E-001    3.37724728778122E+000    1.50038714158239E+003    4.20552844515296E+004    1.01590196446076E-001    2.31639629399107E+003    5.80874041340296E+005    1.18195598691886E+006
   4.18961802697647E-001    3.37724728778122E+000    1.50077900079806E+003    4.20538469864072E+004    1.01560199368214E-001    2.31669876325082E+003    5.80854186851476E+005    1.18190716147757E+006
   4.19322997448334E-001    3.37724728778122E+000    1.50117222760872E+003    4.20524379897598E+004    1.01530194188574E-001    2.31700224844088E+003    5.80834725573602E+005    1.18185930300643E+006
   4.19683814655721E-001    3.37724728778122E+000    1.50156499854648E+003    4.20508971123635E+004    1.01499917213841E-001    2.31730534211990E+003    5.80813442738589E+005    1.18180696502781E+006
   4.20044199113175E-001    3.37724728778122E+000    1.50195558244536E+003    4.20491050127653E+004    1.01469197599792E-001    2.31760670879588E+003    5.80788689983979E+005    1.18174609394833E+006
   4.20404169536744E-001    3.37724728778122E+000    1.50234478213363E+003    4.20472054124498E+004    1.01438328076874E-001    2.31790696846815E+003    5.80762452412968E+005    1.18168157146203E+006
   4.20763831887219E-001    3.37724728778122E+000    1.50273440152422E+003    4.20453096537636E+004    1.01407455487162E-001    2.31820751297899E+003    5.80736267903130E+005    1.18161717946185E+006
   4.21123276921516E-001    3.37724728778122E+000    1.50312503237951E+003    4.20433977577330E+004    1.01376491774161E-001    2.31850879860228E+003    5.80709860501815E+005    1.18155223933500E+006
   4.21482555966800E-001    3.37724728778122E+000    1.50351941677807E+003    4.20417024876203E+004    1.01345813339877E-001    2.31881293954469E+003    5.80686445170915E+005    1.18149465719958E+006
   4.21841615344761E-001    3.37724728778122E+000    1.50391584624052E+003    4.20400797124014E+004    1.01315187935033E-001    2.31911861739993E+003    5.80664031150610E+005    1.18143953745097E+006
   4.22200368444279E-001    3.37724728778122E+000    1.50431280119272E+003    4.20383777514756E+004    1.01284352506040E-001    2.31942466008299E+003    5.80640523405173E+005    1.18138172805306E+006
   4.22558724089160E-001    3.37724728778122E+000    1.50470937210596E+003    4.20365887455518E+004    1.01253349523821E-001    2.31973036636356E+003    5.80615813380869E+005    1.18132096205440E+006
   4.22916646133829E-001    3.37724728778122E+000    1.50510330167795E+003    4.20345470510940E+004    1.01221932026197E-001    2.32003399662158E+003    5.80587613183763E+005    1.18125161314895E+006
   4.23274166525094E-001    3.37724728778122E+000    1.50549661620715E+003    4.20324490978469E+004    1.01190436870104E-001    2.32033711318239E+003    5.80558635931627E+005    1.18118035333784E+006
   4.23631446853515E-001    3.37724728778122E+000    1.50589038366340E+003    4.20303592714117E+004    1.01158947300137E-001    2.32064053914069E+003    5.80529770928265E+005    1.18110936956487E+006
   4.23988549345754E-001    3.37724728778122E+000    1.50628708489803E+003    4.20284215822674E+004    1.01127643297718E-001    2.32094618567240E+003    5.80503007268506E+005    1.18104355334014E+006
   4.24345477751648E-001    3.37724728778122E+000    1.50668651322193E+003    4.20265887521997E+004    1.01096425038284E-001    2.32125389268414E+003    5.80477691938401E+005    1.18098129879534E+006
   4.24702182349485E-001    3.37724728778122E+000    1.50708804643524E+003    4.20248445624840E+004    1.01065295343527E-001    2.32156318012908E+003    5.80453600922439E+005    1.18092205503963E+006
   4.25058567601653E-001    3.37724728778122E+000    1.50748939064011E+003    4.20230224416376E+004    1.01034007533528E-001    2.32187228081733E+003    5.80428433509742E+005    1.18086016424797E+006
   4.25414502662980E-001    3.37724728778122E+000    1.50788855525778E+003    4.20209724978925E+004    1.01002334774825E-001    2.32217966205769E+003    5.80400119372214E+005    1.18079053514435E+006
   4.25770037371304E-001    3.37724728778122E+000    1.50828621113611E+003    4.20188186736758E+004    1.00970530158305E-001    2.32248584102463E+003    5.80370370421675E+005    1.18071737760042E+006
   4.26125250500974E-001    3.37724728778122E+000    1.50868308279254E+003    4.20166101490201E+004    1.00938663366624E-001    2.32279137593269E+003    5.80339865940278E+005    1.18064236208232E+006
   4.26480248435045E-001    3.37724728778122E+000    1.50908289053354E+003    4.20145872256987E+004    1.00907062772527E-001    2.32309913057850E+003    5.80311925012989E+005    1.18057365076383E+006
   4.26835114642622E-001    3.37724728778122E+000    1.50948433825879E+003    4.20126242697746E+004    1.00875513307949E-001    2.32340810659718E+003    5.80284812364590E+005    1.18050697631884E+006
   4.27189797586640E-001    3.37724728778122E+000    1.50988898866224E+003    4.20108271687206E+004    1.00844164839859E-001    2.32371950599503E+003    5.80259990529105E+005    1.18044593535818E+006
   4.27544229351470E-001    3.37724728778122E+000    1.51029425001742E+003    4.20089437436261E+004    1.00812585229296E-001    2.32403133373253E+003    5.80233976372729E+005    1.18038196228507E+006
   4.27898296626095E-001    3.37724728778122E+000    1.51069847618513E+003    4.20069183815365E+004    1.00780751093177E-001    2.32434232327275E+003    5.80206001760799E+005    1.18031316813052E+006
   4.28251964698752E-001    3.37724728778122E+000    1.51110106517741E+003    4.20047573154634E+004    1.00748717656215E-001    2.32465201190815E+003    5.80176152784626E+005    1.18023976460718E+006
   4.28605233514175E-001    3.37724728778122E+000    1.51150151595586E+003    4.20024568909094E+004    1.00716509596448E-001    2.32496001481521E+003    5.80144378967735E+005    1.18016162758511E+006
   4.28958241435449E-001    3.37724728778122E+000    1.51190292469400E+003    4.20002691940106E+004    1.00684525038217E-001    2.32526871358357E+003    5.80114162162512E+005    1.18008731950986E+006
   4.29311091275423E-001    3.37724728778122E+000    1.51230621028302E+003    4.19981966792957E+004    1.00652708589300E-001    2.32557881445779E+003    5.80085536271287E+005    1.18001692375281E+006
   4.29663827993174E-001    3.37724728778122E+000    1.51271297622596E+003    4.19963125933615E+004    1.00621129068825E-001    2.32589154962087E+003    5.80059512987290E+005    1.17995292823339E+006
   4.30016394236198E-001    3.37724728778122E+000    1.51312223147236E+003    4.19945225518914E+004    1.00589626307888E-001    2.32620615621226E+003    5.80034788659862E+005    1.17989212706101E+006
   4.30368619235751E-001    3.37724728778122E+000    1.51353070716494E+003    4.19925690177949E+004    1.00557800867846E-001    2.32652012111601E+003    5.80007806147192E+005    1.17982577264111E+006
   4.30720452137658E-001    3.37724728778122E+000    1.51393684971612E+003    4.19904110050153E+004    1.00525657997971E-001    2.32683225070565E+003    5.79977999343579E+005    1.17975247282700E+006
   4.31071873792764E-001    3.37724728778122E+000    1.51434039586749E+003    4.19880900351523E+004    1.00493314652028E-001    2.32714234344025E+003    5.79945941751728E+005    1.17967363795580E+006
   4.31422991122821E-001    3.37724728778122E+000    1.51474267074696E+003    4.19856965892422E+004    1.00460899436476E-001    2.32745141818523E+003    5.79912883109593E+005    1.17959234133793E+006
   4.31773949048619E-001    3.37724728778122E+000    1.51514891495616E+003    4.19836283715421E+004    1.00429016313023E-001    2.32776350098728E+003    5.79884316569396E+005    1.17952209153479E+006
   4.32124817661905E-001    3.37724728778122E+000    1.51555761003960E+003    4.19816400730913E+004    1.00397179048735E-001    2.32807742437255E+003    5.79856853886130E+005    1.17945455629671E+006
   4.32475527513739E-001    3.37724728778122E+000    1.51596785270819E+003    4.19796332923569E+004    1.00365212304529E-001    2.32839249391059E+003    5.79829135922729E+005    1.17938639328295E+006
   4.32825980106385E-001    3.37724728778122E+000    1.51637804235483E+003    4.19774898068737E+004    1.00332939618938E-001    2.32870748010734E+003    5.79799529772362E+005    1.17931358690805E+006
   4.33176028732015E-001    3.37724728778122E+000    1.51678617251604E+003    4.19751490573235E+004    1.00300349210442E-001    2.32902084253765E+003    5.79767198980436E+005    1.17923408019310E+006
   4.33525639265622E-001    3.37724728778122E+000    1.51719197460516E+003    4.19726783946791E+004    1.00267619846232E-001    2.32933237567741E+003    5.79733073808920E+005    1.17915016080473E+006
   4.33874959105575E-001    3.37724728778122E+000    1.51759694535372E+003    4.19702086333082E+004    1.00234965046736E-001    2.32964322906727E+003    5.79698961085932E+005    1.17906627202933E+006
   4.34224136365355E-001    3.37724728778122E+000    1.51800507193694E+003    4.19680098633003E+004    1.00202766374910E-001    2.32995646290017E+003    5.79668591337229E+005    1.17899158784100E+006
   4.34573238854555E-001    3.37724728778122E+000    1.51841603918292E+003    4.19659071655703E+004    1.00170626932289E-001    2.33027183437331E+003    5.79639548553568E+005    1.17892016687714E+006
   4.34922194143896E-001    3.37724728778122E+000    1.51882910922626E+003    4.19638300039538E+004    1.00138427178951E-001    2.33058877650497E+003    5.79610858478623E+005    1.17884961328181E+006
   4.35270887932954E-001    3.37724728778122E+000    1.51924165809339E+003    4.19615812925881E+004    1.00105870018232E-001    2.33090527573203E+003    5.79579798932223E+005    1.17877323276791E+006
   4.35619171136020E-001    3.37724728778122E+000    1.51965263198233E+003    4.19591987296121E+004    1.00073115013677E-001    2.33122052394347E+003    5.79546890606845E+005    1.17869230580358E+006
   4.35967040360383E-001    3.37724728778122E+000    1.52006085011669E+003    4.19566540429900E+004    1.00040172523703E-001    2.33153361608452E+003    5.79511743004792E+005    1.17860587209098E+006
   4.36314621593504E-001    3.37724728778122E+000    1.52046758733173E+003    4.19540460851208E+004    1.00007194306957E-001    2.33184553059121E+003    5.79475721490566E+005    1.17851728928515E+006
   4.36662069486270E-001    3.37724728778122E+000    1.52087766074351E+003    4.19516833247309E+004    9.99745987533545E-002    2.33215996129495E+003    5.79443086681546E+005    1.17843703494236E+006
   4.37009461389078E-001    3.37724728778122E+000    1.52129066267734E+003    4.19494178594590E+004    9.99420601815900E-002    2.33247659465022E+003    5.79411795727622E+005    1.17836008535945E+006
   4.37356736791464E-001    3.37724728778122E+000    1.52170537393470E+003    4.19471188162973E+004    9.99093470688256E-002    2.33279449523657E+003    5.79380040990732E+005    1.17828199525823E+006
   4.37703709477440E-001    3.37724728778122E+000    1.52211902042890E+003    4.19446000026456E+004    9.98761983427254E-002    2.33311153647009E+003    5.79345250750118E+005    1.17819644035597E+006
   4.38050299685086E-001    3.37724728778122E+000    1.52253157674544E+003    4.19420082039177E+004    9.98429653781181E-002    2.33342769922595E+003    5.79309452428431E+005    1.17810840641717E+006
   4.38396469988219E-001    3.37724728778122E+000    1.52293959471060E+003    4.19391457937642E+004    9.98094038332118E-002    2.33374034188591E+003    5.79269916380213E+005    1.17801118079638E+006
   4.38742365041652E-001    3.37724728778122E+000    1.52334867113259E+003    4.19364277404600E+004    9.97761343974570E-002    2.33405375354448E+003    5.79232374210948E+005    1.17791885845064E+006
   4.39088206935089E-001    3.37724728778122E+000    1.52376041565958E+003    4.19338680855643E+004    9.97430849386551E-002    2.33436916686595E+003    5.79197019864804E+005    1.17783191632045E+006
   4.39433973426336E-001    3.37724728778122E+000    1.52417582937944E+003    4.19314429073341E+004    9.97101330775092E-002    2.33468734775756E+003    5.79163522930996E+005    1.17774954187154E+006
   4.39779601923300E-001    3.37724728778122E+000    1.52459341966220E+003    4.19290448009436E+004    9.96771212282246E-002    2.33500715206159E+003    5.79130399917591E+005    1.17766808695417E+006
   4.40124930353292E-001    3.37724728778122E+000    1.52500859588354E+003    4.19263755129107E+004    9.96436406934815E-002    2.33532506418276E+003    5.79093531301735E+005    1.17757742098663E+006
   4.40469827507759E-001    3.37724728778122E+000    1.52542164668144E+003    4.19235835644389E+004    9.96100257339505E-002    2.33564130586697E+003    5.79054968481077E+005    1.17748258869188E+006
   4.40814340111605E-001    3.37724728778122E+000    1.52583098493679E+003    4.19206029688018E+004    9.95762231525302E-002    2.33595466290144E+003    5.79013800036828E+005    1.17738134874177E+006
   4.41158653187770E-001    3.37724728778122E+000    1.52624324804852E+003    4.19179012262654E+004    9.95429101376566E-002    2.33627021649373E+003    5.78976483154390E+005    1.17728958041326E+006
   4.41502959392480E-001    3.37724728778122E+000    1.52665883019938E+003    4.19153974564697E+004    9.95098687755054E-002    2.33658826740703E+003    5.78941900701821E+005    1.17720453649584E+006
   4.41847180515207E-001    3.37724728778122E+000    1.52707697176141E+003    4.19129422746250E+004    9.94767939914854E-002    2.33690823338688E+003    5.78907989353487E+005    1.17712114293371E+006
   4.42191231279226E-001    3.37724728778122E+000    1.52749643298934E+003    4.19103863006094E+004    9.94434122460731E-002    2.33722916517704E+003    5.78872685848223E+005    1.17703432582957E+006
   4.42534908427801E-001    3.37724728778122E+000    1.52791220361713E+003    4.19075070658280E+004    9.94095221372006E-002    2.33754722978912E+003    5.78832917415664E+005    1.17693652873761E+006
   4.42878170275961E-001    3.37724728778122E+000    1.52832539379656E+003    4.19045117547098E+004    9.93755429825977E-002    2.33786327748726E+003    5.78791545718932E+005    1.17683478895634E+006
   4.43221118080267E-001    3.37724728778122E+000    1.52873828775156E+003    4.19016294387317E+004    9.93418693382448E-002    2.33817905593068E+003    5.78751734728412E+005    1.17673688720738E+006
   4.43563923381578E-001    3.37724728778122E+000    1.52915288071841E+003    4.18989026873811E+004    9.93084722574057E-002    2.33849609086197E+003    5.78714072420395E+005    1.17664426942077E+006
   4.43906762435609E-001    3.37724728778122E+000    1.52957053154619E+003    4.18962768394108E+004    9.92751339093349E-002    2.33881542065588E+003    5.78677803805348E+005    1.17655507895353E+006
   4.44249480567060E-001    3.37724728778122E+000    1.52999062395399E+003    4.18936608519918E+004    9.92416787495975E-002    2.33913657326994E+003    5.78641671385750E+005    1.17646622341323E+006
   4.44591969312936E-001    3.37724728778122E+000    1.53041014638849E+003    4.18908177334940E+004    9.92077410026493E-002    2.33945724615328E+003    5.78602401796842E+005    1.17636965305954E+006
   4.44934082537671E-001    3.37724728778122E+000    1.53082754949276E+003    4.18878656792704E+004    9.91737012403619E-002    2.33977625545479E+003    5.78561627570975E+005    1.17626938255703E+006
   4.45275780151976E-001    3.37724728778122E+000    1.53124167119626E+003    4.18848179014160E+004    9.91396659150536E-002    2.34009271389824E+003    5.78519531195632E+005    1.17616586067231E+006
   4.45617217788365E-001    3.37724728778122E+000    1.53165680743738E+003    4.18819635671160E+004    9.91060410977888E-002    2.34040990467131E+003    5.78480106692344E+005    1.17606890935878E+006
   4.45958661753797E-001    3.37724728778122E+000    1.53207437716845E+003    4.18792258482228E+004    9.90725530136958E-002    2.34072891142612E+003    5.78442292898945E+005    1.17597591904479E+006
   4.46300058225752E-001    3.37724728778122E+000    1.53249536382053E+003    4.18766077799510E+004    9.90391453335730E-002    2.34105048456845E+003    5.78406131738288E+005    1.17588699282551E+006
   4.46641321263450E-001    3.37724728778122E+000    1.53291777761943E+003    4.18738909446036E+004    9.90054303066010E-002    2.34137310345438E+003    5.78368606391629E+005    1.17579471184932E+006
   4.46982295107452E-001    3.37724728778122E+000    1.53333808955369E+003    4.18709416554980E+004    9.89713200674833E-002    2.34169407292296E+003    5.78327870357996E+005    1.17569453526777E+006
   4.47322821358928E-001    3.37724728778122E+000    1.53375486548983E+003    4.18678572624927E+004    9.89371373571089E-002    2.34201229870635E+003    5.78285268248571E+005    1.17558976970008E+006
   4.47662999051240E-001    3.37724728778122E+000    1.53417043374845E+003    4.18648620477835E+004    9.89032617525035E-002    2.34232955933165E+003    5.78243897883456E+005    1.17548803319348E+006
   4.48003080258925E-001    3.37724728778122E+000    1.53458751585875E+003    4.18620122199916E+004    9.88696503362275E-002    2.34264793248785E+003    5.78204535624748E+005    1.17539123494957E+006
   4.48343149884372E-001    3.37724728778122E+000    1.53500836605178E+003    4.18592952448628E+004    9.88361282514057E-002    2.34296913810151E+003    5.78167008347407E+005    1.17529894922551E+006
   4.48683158295446E-001    3.37724728778122E+000    1.53543184579929E+003    4.18565789636918E+004    9.88024569733043E-002    2.34329230622818E+003    5.78129490655117E+005    1.17520668707267E+006
   4.49022978706755E-001    3.37724728778122E+000    1.53585486868940E+003    4.18536862102374E+004    9.87684171952915E-002    2.34361508122485E+003    5.78089535500572E+005    1.17510843080075E+006
   4.49362416890586E-001    3.37724728778122E+000    1.53627525410458E+003    4.18506414677103E+004    9.87342070971772E-002    2.34393579974161E+003    5.78047481049637E+005    1.17500501201502E+006
   4.49701440342350E-001    3.37724728778122E+000    1.53669174525383E+003    4.18474776737013E+004    9.86999850501800E-002    2.34425350399297E+003    5.78003782241367E+005    1.17489754948517E+006
   4.50040245573569E-001    3.37724728778122E+000    1.53710837278684E+003    4.18444451852976E+004    9.86660824030915E-002    2.34457126920735E+003    5.77961897046263E+005    1.17479454692726E+006
   4.50379036658702E-001    3.37724728778122E+000    1.53752830072821E+003    4.18416052733223E+004    9.86324403655657E-002    2.34489150809547E+003    5.77922671746337E+005    1.17469808548744E+006
   4.50717822327868E-001    3.37724728778122E+000    1.53795154301622E+003    4.18387961503102E+004    9.85986767734846E-002    2.34521423027119E+003    5.77883871708292E+005    1.17460266983627E+006
   4.51056475140919E-001    3.37724728778122E+000    1.53837581528021E+003    4.18358644978685E+004    9.85645770910961E-002    2.34553769323792E+003    5.77843379274967E+005    1.17450309230779E+006
   4.51394873045739E-001    3.37724728778122E+000    1.53879863663078E+003    4.18327700134325E+004    9.85302055915543E-002    2.34586000566308E+003    5.77800637781154E+005    1.17439798397105E+006
   4.51732827163542E-001    3.37724728778122E+000    1.53921769439166E+003    4.18295406055559E+004    9.84957761074627E-002    2.34617940545295E+003    5.77756032704078E+005    1.17428829277770E+006
   4.52070440042360E-001    3.37724728778122E+000    1.53963556906106E+003    4.18264117723004E+004    9.84616777835630E-002    2.34649786021552E+003    5.77712816779100E+005    1.17418201773699E+006
   4.52407975661956E-001    3.37724728778122E+000    1.54005488129578E+003    4.18234510460404E+004    9.84279017120617E-002    2.34681736708432E+003    5.77671922773736E+005    1.17408145267707E+006
   4.52745552228865E-001    3.37724728778122E+000    1.54047750599099E+003    4.18205517245341E+004    9.83940769240906E-002    2.34713935396653E+003    5.77631876900251E+005    1.17398297331241E+006
   4.53083060477306E-001    3.37724728778122E+000    1.54090299597209E+003    4.18176544864386E+004    9.83600926914467E-002    2.34746347922127E+003    5.77591859803155E+005    1.17388456471361E+006
   4.53420354582692E-001    3.37724728778122E+000    1.54132776182430E+003    4.18145386067373E+004    9.83256592869107E-002    2.34778700822361E+003    5.77548822794656E+005    1.17377872965783E+006
   4.53757304954103E-001    3.37724728778122E+000    1.54174853010735E+003    4.18111686124164E+004    9.82909023331955E-002    2.34810744847063E+003    5.77502275916041E+005    1.17366426325633E+006
   4.54093847634297E-001    3.37724728778122E+000    1.54216693059166E+003    4.18078753309126E+004    9.82564954952477E-002    2.34842604214175E+003    5.77456788606626E+005    1.17355240250911E+006
   4.54430197271420E-001    3.37724728778122E+000    1.54258654734299E+003    4.18048075669897E+004    9.82225597429374E-002    2.34874551854302E+003    5.77414416180640E+005    1.17344820177062E+006
   4.54766553481380E-001    3.37724728778122E+000    1.54300891804116E+003    4.18018144307535E+004    9.81886424956300E-002    2.34906704779159E+003    5.77373074523711E+005    1.17334653586215E+006
   4.55102960005757E-001    3.37724728778122E+000    1.54343410875468E+003    4.17987882281101E+004    9.81544868241604E-002    2.34939067932887E+003    5.77331276148494E+005    1.17324374680858E+006
   4.55439235065044E-001    3.37724728778122E+000    1.54385907019684E+003    4.17955149522597E+004    9.81197845047522E-002    2.34971409181905E+003    5.77286065160233E+005    1.17313256558035E+006
   4.55775170663936E-001    3.37724728778122E+000    1.54428150270718E+003    4.17920625973705E+004    9.80848416158933E-002    2.35003553558035E+003    5.77238380704812E+005    1.17301530169108E+006
   4.56110682538609E-001    3.37724728778122E+000    1.54470096585289E+003    4.17886162975465E+004    9.80501205264851E-002    2.35035467634815E+003    5.77190779882881E+005    1.17289824347027E+006
   4.56445920484011E-001    3.37724728778122E+000    1.54512058172150E+003    4.17853716829618E+004    9.80158816936716E-002    2.35067388996031E+003    5.77145964768420E+005    1.17278803576058E+006
   4.56781126257262E-001    3.37724728778122E+000    1.54554278452095E+003    4.17822871010508E+004    9.79818727366786E-002    2.35099502777980E+003    5.77103360049800E+005    1.17268326377645E+006
   4.57116382977059E-001    3.37724728778122E+000    1.54596806764026E+003    4.17791993386139E+004    9.79476797391104E-002    2.35131846422479E+003    5.77060711401271E+005    1.17257838376148E+006
   4.57451567656681E-001    3.37724728778122E+000    1.54639510741841E+003    4.17760115109812E+004    9.79131597926460E-002    2.35164319188422E+003    5.77016680636903E+005    1.17247010489719E+006
   4.57786556173408E-001    3.37724728778122E+000    1.54681979708659E+003    4.17725368116249E+004    9.78781354397949E-002    2.35196608801904E+003    5.76968687556275E+005    1.17235208204796E+006
   4.58121137680668E-001    3.37724728778122E+000    1.54724047981498E+003    4.17689383359708E+004    9.78430937575215E-002    2.35228589393600E+003    5.76918984858430E+005    1.17222985496987E+006
   4.58455338720683E-001    3.37724728778122E+000    1.54765980659253E+003    4.17655173392390E+004    9.78085724467531E-002    2.35260462578628E+003    5.76871733526691E+005    1.17211365620271E+006
   4.58789425682991E-001    3.37724728778122E+000    1.54808201158043E+003    4.17623717162035E+004    9.77745327629020E-002    2.35292550175341E+003    5.76828285698695E+005    1.17200681087447E+006
   4.59123547548281E-001    3.37724728778122E+000    1.54850686947215E+003    4.17592188274939E+004    9.77403271861528E-002    2.35324834976243E+003    5.76784737516093E+005    1.17189971875782E+006
   4.59457697347339E-001    3.37724728778122E+000    1.54893451714464E+003    4.17560269549790E+004    9.77058731766695E-002    2.35357327299264E+003    5.76740650883193E+005    1.17179130250366E+006
   4.59791693639960E-001    3.37724728778122E+000    1.54936151245486E+003    4.17526465978715E+004    9.76710383938218E-002    2.35389765581466E+003    5.76693960872179E+005    1.17167648411613E+006
   4.60125340834398E-001    3.37724728778122E+000    1.54978619096549E+003    4.17491703672106E+004    9.76361445507219E-002    2.35422023426109E+003    5.76645946640936E+005    1.17155840925408E+006
   4.60458601163849E-001    3.37724728778122E+000    1.55020614911860E+003    4.17455887717561E+004    9.76013206772487E-002    2.35453918374560E+003    5.76596477094999E+005    1.17143675553474E+006
   4.60791643223353E-001    3.37724728778122E+000    1.55062692658796E+003    4.17422108258886E+004    9.75669401188100E-002    2.35485871215774E+003    5.76549820388401E+005    1.17132201904823E+006
   4.61124698668534E-001    3.37724728778122E+000    1.55105062308418E+003    4.17389283434320E+004    9.75326177333979E-002    2.35518041340681E+003    5.76504482237083E+005    1.17121052510520E+006
   4.61457797154214E-001    3.37724728778122E+000    1.55147792733000E+003    4.17356593896386E+004    9.74981189795236E-002    2.35550480942335E+003    5.76459330945737E+005    1.17109949068147E+006
   4.61790789574645E-001    3.37724728778122E+000    1.55190628019154E+003    4.17323073621058E+004    9.74633793539294E-002    2.35582995668251E+003    5.76413032227156E+005    1.17098563454615E+006
   4.62123548789701E-001    3.37724728778122E+000    1.55233145046257E+003    4.17287105405378E+004    9.74282871031227E-002    2.35615264378037E+003    5.76363352375802E+005    1.17086346365133E+006
   4.62455897146470E-001    3.37724728778122E+000    1.55275395180505E+003    4.17251467720939E+004    9.73934586244055E-002    2.35647326149660E+003    5.76314129059270E+005    1.17074241545043E+006
   4.62787939625279E-001    3.37724728778122E+000    1.55317604307988E+003    4.17217854930759E+004    9.73591473142474E-002    2.35679352447722E+003    5.76267702557756E+005    1.17062824507595E+006
   4.63119926045369E-001    3.37724728778122E+000    1.55359889139460E+003    4.17183972245779E+004    9.73247442596279E-002    2.35711431823253E+003    5.76220903273404E+005    1.17051315796738E+006
   4.63451996030044E-001    3.37724728778122E+000    1.55402509797925E+003    4.17150467963655E+004    9.72902379345776E-002    2.35743761556422E+003    5.76174626644882E+005    1.17039935615513E+006
   4.63784061490809E-001    3.37724728778122E+000    1.55445344809589E+003    4.17116215098057E+004    9.72554418789181E-002    2.35776249419803E+003    5.76127316061380E+005    1.17028301167818E+006
   4.64115913679287E-001    3.37724728778122E+000    1.55488069303471E+003    4.17080937932151E+004    9.72204953357142E-002    2.35808649003264E+003    5.76078590698577E+005    1.17016318802710E+006
   4.64447405631364E-001    3.37724728778122E+000    1.55530547098815E+003    4.17045897626504E+004    9.71857773419013E-002    2.35840857093441E+003    5.76030192490798E+005    1.17004416890383E+006
   4.64778539647898E-001    3.37724728778122E+000    1.55572757679758E+003    4.17011074264501E+004    9.71512957167661E-002    2.35872858216135E+003    5.75982093928909E+005    1.16992588665890E+006
   4.65109512915887E-001    3.37724728778122E+000    1.55615035122475E+003    4.16977035380908E+004    9.71169737812750E-002    2.35904905677413E+003    5.75935078900635E+005    1.16981026900068E+006
   4.65440543071284E-001    3.37724728778122E+000    1.55657610110683E+003    4.16943070991926E+004    9.70825022582048E-002    2.35937174287251E+003    5.75888166765462E+005    1.16969490437344E+006
   4.65771617958055E-001    3.37724728778122E+000    1.55700370713877E+003    4.16907812774482E+004    9.70476327163679E-002    2.35969579137561E+003    5.75839467574564E+005    1.16957514508337E+006
   4.66102602145314E-001    3.37724728778122E+000    1.55743177807397E+003    4.16872032833963E+004    9.70126319499530E-002    2.36002014762493E+003    5.75790047771752E+005    1.16945361369052E+006
   4.66433309656982E-001    3.37724728778122E+000    1.55785754046590E+003    4.16835468397010E+004    9.69776116123103E-002    2.36034271044095E+003    5.75739544410429E+005    1.16932941764974E+006
   4.66763603762926E-001    3.37724728778122E+000    1.55828068699770E+003    4.16800280477163E+004    9.69430933100299E-002    2.36066324777935E+003    5.75690942315652E+005    1.16920989713494E+006
   4.67093647149301E-001    3.37724728778122E+000    1.55870278833993E+003    4.16765361206291E+004    9.69087211993247E-002    2.36098295002072E+003    5.75642711282960E+005    1.16909128912260E+006
   4.67423661629729E-001    3.37724728778122E+000    1.55912666836089E+003    4.16729922965950E+004    9.68741365427498E-002    2.36130395588549E+003    5.75593763441676E+005    1.16897091836048E+006
   4.67753776725266E-001    3.37724728778122E+000    1.55955474052853E+003    4.16695436158396E+004    9.68395314892909E-002    2.36162809219566E+003    5.75546129733956E+005    1.16885377926812E+006
   4.68083853905274E-001    3.37724728778122E+000    1.55998433961070E+003    4.16660291941954E+004    9.68046979358788E-002    2.36195333996549E+003    5.75497588002992E+005    1.16873440719783E+006
   4.68413759686338E-001    3.37724728778122E+000    1.56041193397579E+003    4.16623677788131E+004    9.67696664622539E-002    2.36227702550349E+003    5.75447015971965E+005    1.16861004228700E+006
   4.68743285398855E-001    3.37724728778122E+000    1.56083606645287E+003    4.16586945911021E+004    9.67348414007732E-002    2.36259804661063E+003    5.75396281339727E+005    1.16848527751314E+006
   4.69072473628573E-001    3.37724728778122E+000    1.56125888549408E+003    4.16551237750778E+004    9.67003542619529E-002    2.36291803018203E+003    5.75346960680934E+005    1.16836398993168E+006
   4.69401531142531E-001    3.37724728778122E+000    1.56168238904609E+003    4.16515945417053E+004    9.66659399333467E-002    2.36323848835050E+003    5.75298214368107E+005    1.16824411476106E+006
   4.69730665452030E-001    3.37724728778122E+000    1.56210848196830E+003    4.16480385855017E+004    9.66313220852686E-002    2.36356086200488E+003    5.75249098955435E+005    1.16812333191344E+006
   4.70059836048284E-001    3.37724728778122E+000    1.56253788854930E+003    4.16445170699706E+004    9.65965981524964E-002    2.36388569823164E+003    5.75200459242617E+005    1.16800371888971E+006
   4.70388905233989E-001    3.37724728778122E+000    1.56296601933195E+003    4.16408278583116E+004    9.65615832467907E-002    2.36420952491327E+003    5.75149503285152E+005    1.16787840984086E+006
   4.70717717299198E-001    3.37724728778122E+000    1.56339224397182E+003    4.16371236026370E+004    9.65266703308486E-002    2.36453186578656E+003    5.75098339537435E+005    1.16775258980173E+006
   4.71046136123906E-001    3.37724728778122E+000    1.56381513730595E+003    4.16334280019069E+004    9.64920020562922E-002    2.36485164387066E+003    5.75047295333138E+005    1.16762706373946E+006
   4.71374327655646E-001    3.37724728778122E+000    1.56423687021090E+003    4.16296649880903E+004    9.64572678855516E-002    2.36517050141908E+003    5.74995320008949E+005    1.16749924790080E+006
   4.71702489349628E-001    3.37724728778122E+000    1.56466065532525E+003    4.16259264166900E+004    9.64224825897506E-002    2.36549086727669E+003    5.74943682287163E+005    1.16737226228178E+006
   4.72030772274620E-001    3.37724728778122E+000    1.56508852433423E+003    4.16222749343013E+004    9.63876662989356E-002    2.36581427639612E+003    5.74893247452167E+005    1.16724823475847E+006
   4.72359022248956E-001    3.37724728778122E+000    1.56551788250745E+003    4.16186486575219E+004    9.63528357401822E-002    2.36613876668008E+003    5.74843160760914E+005    1.16712506337767E+006
   4.72687098797003E-001    3.37724728778122E+000    1.56594550860844E+003    4.16149293006335E+004    9.63179153832714E-002    2.36646190371362E+003    5.74791788432915E+005    1.16699873040545E+006
   4.73014816508768E-001    3.37724728778122E+000    1.56636951795470E+003    4.16111083817776E+004    9.62830014091579E-002    2.36678226417505E+003    5.74739013315438E+005    1.16686894774405E+006
   4.73342207473322E-001    3.37724728778122E+000    1.56679142890431E+003    4.16072938636939E+004    9.62482500433138E-002    2.36710099615605E+003    5.74686326606408E+005    1.16673938249351E+006
   4.73669460316697E-001    3.37724728778122E+000    1.56721358095705E+003    4.16034408040362E+004    9.62134134542484E-002    2.36741986732952E+003    5.74633107555246E+005    1.16660850812644E+006
   4.73996814722308E-001    3.37724728778122E+000    1.56763931378381E+003    4.15996688881349E+004    9.61785635427925E-002    2.36774139973764E+003    5.74581009274097E+005    1.16648038991647E+006
   4.74324223808894E-001    3.37724728778122E+000    1.56806712980420E+003    4.15958584070869E+004    9.61435156886100E-002    2.36806446148828E+003    5.74528378325224E+005    1.16635096178929E+006
   4.74651550655724E-001    3.37724728778122E+000    1.56849574284722E+003    4.15921212890481E+004    9.61086076393189E-002    2.36838808091331E+003    5.74476760677490E+005    1.16622402553565E+006
   4.74978605324217E-001    3.37724728778122E+000    1.56892228891255E+003    4.15883502780121E+004    9.60737669387730E-002    2.36871009579580E+003    5.74424674894479E+005    1.16609593806065E+006
   4.75305303136324E-001    3.37724728778122E+000    1.56934509065695E+003    4.15844707449756E+004    9.60389236875870E-002    2.36902924076065E+003    5.74371090188945E+005    1.16596416448956E+006
   4.75631735542814E-001    3.37724728778122E+000    1.56976671868200E+003    4.15805711787532E+004    9.60041247343229E-002    2.36934745695354E+003    5.74317228781975E+005    1.16583171046430E+006
   4.75958185653621E-001    3.37724728778122E+000    1.57019059065068E+003    4.15767323872004E+004    9.59693476036272E-002    2.36966732364851E+003    5.74264206804067E+005    1.16570132073265E+006
   4.76284730872378E-001    3.37724728778122E+000    1.57061678735115E+003    4.15727969863873E+004    9.59342243099507E-002    2.36998890113013E+003    5.74209850444232E+005    1.16556764953720E+006
   4.76611284370682E-001    3.37724728778122E+000    1.57104556342463E+003    4.15689993423046E+004    9.58992804273722E-002    2.37031238079683E+003    5.74157396801494E+005    1.16543865743486E+006
   4.76937665336231E-001    3.37724728778122E+000    1.57147300364061E+003    4.15651041039249E+004    9.58642120169128E-002    2.37063480872474E+003    5.74103595171351E+005    1.16530635041061E+006
   4.77263739238407E-001    3.37724728778122E+000    1.57189745200106E+003    4.15611863442913E+004    9.58292931457956E-002    2.37095493643970E+003    5.74049482474193E+005    1.16517327842160E+006
   4.77589447468211E-001    3.37724728778122E+000    1.57231860807651E+003    4.15571393332791E+004    9.57942957714336E-002    2.37127253832884E+003    5.73993584537165E+005    1.16503581623523E+006
   4.77915049255818E-001    3.37724728778122E+000    1.57274124178030E+003    4.15532180097415E+004    9.57595168195905E-002    2.37159121176877E+003    5.73939422614820E+005    1.16490262319343E+006
   4.78240724346335E-001    3.37724728778122E+000    1.57316582273158E+003    4.15492171721628E+004    9.57244548766677E-002    2.37191131035737E+003    5.73884162432339E+005    1.16476672934999E+006
   4.78566476963841E-001    3.37724728778122E+000    1.57359382124047E+003    4.15453844504050E+004    9.56895912479722E-002    2.37223394178350E+003    5.73831224291370E+005    1.16463654578711E+006
   4.78892158337589E-001    3.37724728778122E+000    1.57402234787917E+003    4.15415184163536E+004    9.56546377783703E-002    2.37255692736730E+003    5.73777826035890E+005    1.16450523072726E+006
   4.79217611807224E-001    3.37724728778122E+000    1.57444801606204E+003    4.15375666813021E+004    9.56196796519249E-002    2.37287771497476E+003    5.73723244065048E+005    1.16437100471737E+006
   4.79542710293562E-001    3.37724728778122E+000    1.57487079705734E+003    4.15335466963170E+004    9.55847585875527E-002    2.37319628384902E+003    5.73667719415652E+005    1.16423446050645E+006
   4.79867546715717E-001    3.37724728778122E+000    1.57529163060951E+003    4.15294798231538E+004    9.55498665113984E-002    2.37351334284648E+003    5.73611547139547E+005    1.16409632367534E+006
   4.80192371079471E-001    3.37724728778122E+000    1.57571428180906E+003    4.15254426940114E+004    9.55149513084698E-002    2.37383172864992E+003    5.73555785692420E+005    1.16395919714000E+006
   4.80517301836689E-001    3.37724728778122E+000    1.57614062283073E+003    4.15215322317865E+004    9.54801225822658E-002    2.37415285076166E+003    5.73501773788192E+005    1.16382637301733E+006
   4.80842257515807E-001    3.37724728778122E+000    1.57656952343623E+003    4.15176917282219E+004    9.54453185646807E-002    2.37447585694411E+003    5.73448728163713E+005    1.16369592513488E+006
   4.81167080313532E-001    3.37724728778122E+000    1.57699685966931E+003    4.15137867536611E+004    9.54104799526495E-002    2.37479764130019E+003    5.73394792055943E+005    1.16356328740812E+006
   4.81491616484105E-001    3.37724728778122E+000    1.57742169279448E+003    4.15098042297129E+004    9.53756333796126E-002    2.37511749760150E+003    5.73339784824137E+005    1.16342801561184E+006
   4.81815829363225E-001    3.37724728778122E+000    1.57784302347135E+003    4.15057034773940E+004    9.53407456293293E-002    2.37543467437604E+003    5.73283144603933E+005    1.16328872802951E+006
   4.82139855214675E-001    3.37724728778122E+000    1.57826458685889E+003    4.15016773249011E+004    9.53060337674918E-002    2.37575198395460E+003    5.73227534767973E+005    1.16315197433088E+006
   4.82463961836856E-001    3.37724728778122E+000    1.57868911792078E+003    4.14977447691489E+004    9.52713762311371E-002    2.37607148447008E+003    5.73173217704557E+005    1.16301839977175E+006
   4.82788123572626E-001    3.37724728778122E+000    1.57911653827477E+003    4.14939097307680E+004    9.52367868977221E-002    2.37639311606055E+003    5.73120247566034E+005    1.16288813752165E+006
   4.83112293980069E-001    3.37724728778122E+000    1.57954537500829E+003    4.14900991439449E+004    9.52021870219281E-002    2.37671576972752E+003    5.73067615156179E+005    1.16275870580167E+006
   4.83436267489294E-001    3.37724728778122E+000    1.57997072183994E+003    4.14860767714887E+004    9.51673303109001E-002    2.37703575435434E+003    5.73012057530665E+005    1.16262208049708E+006
   4.83759941091340E-001    3.37724728778122E+000    1.58039291272151E+003    4.14818989524991E+004    9.51323258437881E-002    2.37735332219726E+003    5.72954352853783E+005    1.16248017524136E+006
   4.84083304278929E-001    3.37724728778122E+000    1.58081368060082E+003    4.14777877010012E+004    9.50975782995450E-002    2.37766977747082E+003    5.72897567617310E+005    1.16234053104027E+006
   4.84406567530186E-001    3.37724728778122E+000    1.58123519367864E+003    4.14736860796331E+004    9.50628265205985E-002    2.37798675097581E+003    5.72840915393666E+005    1.16220121393952E+006
   4.84729942371269E-001    3.37724728778122E+000    1.58166054729681E+003    4.14697730653994E+004    9.50282947147315E-002    2.37830656970331E+003    5.72786868240701E+005    1.16206830313442E+006
   4.85053376524843E-001    3.37724728778122E+000    1.58208755444627E+003    4.14658512691704E+004    9.49936620749683E-002    2.37862758845053E+003    5.72732699789469E+005    1.16193509403701E+006
   4.85376767819104E-001    3.37724728778122E+000    1.58251534608251E+003    4.14619933593673E+004    9.49591473688456E-002    2.37894915352714E+003    5.72679413747353E+005    1.16180405492820E+006
   4.85699914948279E-001    3.37724728778122E+000    1.58293916886895E+003    4.14578139448940E+004    9.49241531840837E-002    2.37926769241652E+003    5.72621687033406E+005    1.16166209547974E+006
   4.86022741788277E-001    3.37724728778122E+000    1.58336071064430E+003    4.14536492111292E+004    9.48893480367633E-002    2.37958447463494E+003    5.72564163091655E+005    1.16152063468132E+006
   4.86345356797172E-001    3.37724728778122E+000    1.58378041490689E+003    4.14494138634096E+004    9.48545098721027E-002    2.37989983409978E+003    5.72505663819128E+005    1.16137677538472E+006
   4.86667904916314E-001    3.37724728778122E+000    1.58420263918947E+003    4.14453658917239E+004    9.48199680200640E-002    2.38021704491007E+003    5.72449752613129E+005    1.16123928056777E+006
   4.86990567108465E-001    3.37724728778122E+000    1.58462737295589E+003    4.14413650264822E+004    9.47854022117963E-002    2.38053609841167E+003    5.72394492048563E+005    1.16110338578473E+006
   4.87313268322702E-001    3.37724728778122E+000    1.58505498664402E+003    4.14375395578144E+004    9.47510838350683E-002    2.38085727207484E+003    5.72341654088386E+005    1.16097344858283E+006
   4.87635888043230E-001    3.37724728778122E+000    1.58548100919248E+003    4.14334695392142E+004    9.47163199872410E-002    2.38117720758049E+003    5.72285438367021E+005    1.16083520491270E+006
   4.87958294327518E-001    3.37724728778122E+000    1.58590407075984E+003    4.14292649279547E+004    9.46814439981958E-002    2.38149487690715E+003    5.72227363631196E+005    1.16069238962141E+006
   4.88280361496844E-001    3.37724728778122E+000    1.58632391045295E+003    4.14249771608370E+004    9.46465888496068E-002    2.38181008510058E+003    5.72168140333899E+005    1.16054674982926E+006
   4.88602209505108E-001    3.37724728778122E+000    1.58674440718262E+003    4.14208358664376E+004    9.46120475370638E-002    2.38212574477839E+003    5.72110940140260E+005    1.16040608518050E+006
   4.88924069637146E-001    3.37724728778122E+000    1.58716581814461E+003    4.14167354281606E+004    9.45775633462169E-002    2.38244204879514E+003    5.72054304257652E+005    1.16026680826504E+006
   4.89246025606521E-001    3.37724728778122E+000    1.58759071219467E+003    4.14127939848985E+004    9.45432530173204E-002    2.38276092464916E+003    5.71999864438585E+005    1.16013293182965E+006
   4.89567995515143E-001    3.37724728778122E+000    1.58801708134583E+003    4.14088023179412E+004    9.45087586325691E-002    2.38308086465113E+003    5.71944730922134E+005    1.15999734947874E+006
   4.89889896876263E-001    3.37724728778122E+000    1.58844264842452E+003    4.14046963040571E+004    9.44740695617705E-002    2.38340015996525E+003    5.71888018028385E+005    1.15985788318026E+006
   4.90211583101485E-001    3.37724728778122E+000    1.58886441493086E+003    4.14003674568300E+004    9.44391166638600E-002    2.38371656158047E+003    5.71828227326315E+005    1.15971084804680E+006
   4.90532923999647E-001    3.37724728778122E+000    1.58928341657392E+003    4.13960212985609E+004    9.44043070736887E-002    2.38403084746531E+003    5.71768197521475E+005    1.15956322492045E+006
   4.90854068671302E-001    3.37724728778122E+000    1.58970252694962E+003    4.13917891783663E+004    9.43697693756540E-002    2.38434517346577E+003    5.71709742828018E+005    1.15941947525108E+006
   4.91175256258752E-001    3.37724728778122E+000    1.59012365442430E+003    4.13876640204195E+004    9.43353740183050E-002    2.38466097052642E+003    5.71652765513539E+005    1.15927935869869E+006
   4.91496524611317E-001    3.37724728778122E+000    1.59054812727621E+003    4.13836574056770E+004    9.43010686574505E-002    2.38497923391984E+003    5.71597425535984E+005    1.15914326862610E+006
   4.91817832935104E-001    3.37724728778122E+000    1.59097370795301E+003    4.13795883411496E+004    9.42665736958119E-002    2.38529828531244E+003    5.71541222992421E+005    1.15900505736234E+006
   4.92139038240708E-001    3.37724728778122E+000    1.59139729336368E+003    4.13753315609402E+004    9.42317878103299E-002    2.38561579851401E+003    5.71482427691054E+005    1.15886047008232E+006
   4.92459998797661E-001    3.37724728778122E+000    1.59181791767024E+003    4.13709569155876E+004    9.41969272981144E-002    2.38593105030508E+003    5.71422004418247E+005    1.15871187935376E+006
   4.92780652730874E-001    3.37724728778122E+000    1.59223613634207E+003    4.13665950325678E+004    9.41622565200232E-002    2.38624445781600E+003    5.71361757420739E+005    1.15856372211505E+006
   4.93101140682639E-001    3.37724728778122E+000    1.59265471108640E+003    4.13623707720258E+004    9.41278960921913E-002    2.38655809095303E+003    5.71303411286010E+005    1.15842023940938E+006
   4.93421638476964E-001    3.37724728778122E+000    1.59307590564692E+003    4.13582748515289E+004    9.40936909683413E-002    2.38687364548872E+003    5.71246837803674E+005    1.15828111594641E+006
   4.93742251079369E-001    3.37724728778122E+000    1.59349915513859E+003    4.13541547382957E+004    9.40593276043188E-002    2.38719069753940E+003    5.71189930167553E+005    1.15814117074453E+006
   4.94062910816589E-001    3.37724728778122E+000    1.59392386122827E+003    4.13500442086377E+004    9.40249183576546E-002    2.38750879839248E+003    5.71133154901242E+005    1.15800155106169E+006
   4.94383435211262E-001    3.37724728778122E+000    1.59434624541960E+003    4.13457087843838E+004    9.39901530772864E-002    2.38782511813580E+003    5.71073273356269E+005    1.15785429253065E+006
   4.94703729877494E-001    3.37724728778122E+000    1.59476630682295E+003    4.13413281497337E+004    9.39554403106212E-002    2.38813965681099E+003    5.71012767358366E+005    1.15770549836753E+006
   4.95023735465792E-001    3.37724728778122E+000    1.59518382775884E+003    4.13369499047252E+004    9.39209008321507E-002    2.38845225215709E+003    5.70952294366559E+005    1.15755678537181E+006
   4.95343577405436E-001    3.37724728778122E+000    1.59560165913236E+003    4.13327139259111E+004    9.38866843188678E-002    2.38876503897387E+003    5.70893786377256E+005    1.15741290463922E+006
   4.95663429839751E-001    3.37724728778122E+000    1.59602182938792E+003    4.13285614035551E+004    9.38525377057028E-002    2.38907953537229E+003    5.70836431101359E+005    1.15727185861778E+006
   4.95983398334190E-001    3.37724728778122E+000    1.59644383512598E+003    4.13243702647980E+004    9.38182135303791E-002    2.38939536395863E+003    5.70778542449804E+005    1.15712950093820E+006
   4.96303417682733E-001    3.37724728778122E+000    1.59686715921883E+003    4.13201625543416E+004    9.37837924573941E-002    2.38971213726383E+003    5.70720424907395E+005    1.15698658037850E+006
   4.96623308794171E-001    3.37724728778122E+000    1.59728863264765E+003    4.13158119919803E+004    9.37491741066937E-002    2.39002748400756E+003    5.70660334272559E+005    1.15683880766123E+006
   4.96942979159520E-001    3.37724728778122E+000    1.59770716265167E+003    4.13113599743535E+004    9.37145165185381E-002    2.39034058731111E+003    5.70598842322030E+005    1.15668758887905E+006
   4.97262359846786E-001    3.37724728778122E+000    1.59812359951504E+003    4.13069448544802E+004    9.36800834607866E-002    2.39065208403113E+003    5.70537860008932E+005    1.15653762337881E+006
   4.97581579678261E-001    3.37724728778122E+000    1.59854033203075E+003    4.13026512712427E+004    9.36459265847638E-002    2.39096376127520E+003    5.70478556378497E+005    1.15639178603431E+006
   4.97900808480355E-001    3.37724728778122E+000    1.59895931218541E+003    4.12984521519942E+004    9.36118700472235E-002    2.39127707859158E+003    5.70420557499170E+005    1.15624915728658E+006
   4.98220157155403E-001    3.37724728778122E+000    1.59938008271080E+003    4.12941875822010E+004    9.35775782816365E-002    2.39159169345360E+003    5.70361654606878E+005    1.15610430542284E+006
   4.98539573674241E-001    3.37724728778122E+000    1.59980249750010E+003    4.12899505117257E+004    9.35432707117538E-002    2.39190749612513E+003    5.70303131539385E+005    1.15596038761051E+006
   4.98858857785959E-001    3.37724728778122E+000    1.60022264154503E+003    4.12855418497467E+004    9.35087253030874E-002    2.39222155980500E+003    5.70242238423714E+005    1.15581064146137E+006
   4.99177923924710E-001    3.37724728778122E+000    1.60063989081846E+003    4.12810294038668E+004    9.34741320769642E-002    2.39253341880029E+003    5.70179911828881E+005    1.15565737015208E+006
   4.99496701213151E-001    3.37724728778122E+000    1.60105563517146E+003    4.12766365599745E+004    9.34399154592097E-002    2.39284411256831E+003    5.70119237195051E+005    1.15550816128559E+006
   4.99815315829352E-001    3.37724728778122E+000    1.60147139602763E+003    4.12723240262759E+004    9.34058973991449E-002    2.39315477833092E+003    5.70059671817939E+005    1.15536168026312E+006
   5.00133957668350E-001    3.37724728778122E+000    1.60188894907252E+003    4.12680548810548E+004    9.33718907027629E-002    2.39346674267212E+003    5.70000705729135E+005    1.15521667298879E+006
   5.00452692005041E-001    3.37724728778122E+000    1.60230865666056E+003    4.12637909699627E+004    9.33377880630741E-002    2.39378027575518E+003    5.69941811934924E+005    1.15507184349872E+006
   5.00771449581369E-001    3.37724728778122E+000    1.60272964745131E+003    4.12595304997499E+004    9.33036363632153E-002    2.39409472617674E+003    5.69882965666666E+005    1.15492713088276E+006
   5.01090154474905E-001    3.37724728778122E+000    1.60315011849128E+003    4.12552165358443E+004    9.32694119004549E-002    2.39440874716178E+003    5.69823380535315E+005    1.15478060128138E+006
   5.01408675779931E-001    3.37724728778122E+000    1.60356788312588E+003    4.12508316479605E+004    9.32352024399045E-002    2.39472070613722E+003    5.69762815791096E+005    1.15463166265144E+006
   5.01726927881471E-001    3.37724728778122E+000    1.60398333987293E+003    4.12464834288994E+004    9.32012277588619E-002    2.39503090143763E+003    5.69702757522280E+005    1.15448396952751E+006
   5.02044992359899E-001    3.37724728778122E+000    1.60439758546694E+003    4.12421043616525E+004    9.31672713177250E-002    2.39534015245196E+003    5.69642273173591E+005    1.15433522860336E+006
   5.02363009821511E-001    3.37724728778122E+000    1.60481372102010E+003    4.12378283678420E+004    9.31334555112721E-002    2.39565077420251E+003    5.69583212491020E+005    1.15418998870746E+006
   5.02681103630687E-001    3.37724728778122E+000    1.60523168959434E+003    4.12335325337347E+004    9.30995061299603E-002    2.39596272366339E+003    5.69523877771225E+005    1.15404407490913E+006
   5.02999284412671E-001    3.37724728778122E+000    1.60565110051374E+003    4.12292192312003E+004    9.30654513923568E-002    2.39627570879348E+003    5.69464301774835E+005    1.15389756777212E+006
   5.03317432509764E-001    3.37724728778122E+000    1.60606960082015E+003    4.12247963333398E+004    9.30312198663907E-002    2.39658797363758E+003    5.69403212030984E+005    1.15374733808206E+006
   5.03635443711095E-001    3.37724728778122E+000    1.60648618534246E+003    4.12203351338312E+004    9.29970306650753E-002    2.39689876861298E+003    5.69341593258895E+005    1.15359580742488E+006
   5.03953199811655E-001    3.37724728778122E+000    1.60690025927347E+003    4.12158846556960E+004    9.29630286163158E-002    2.39720765061848E+003    5.69280122572060E+005    1.15344464093361E+006
   5.04270699358195E-001    3.37724728778122E+000    1.60731326758598E+003    4.12114848380980E+004    9.29292199330999E-002    2.39751569807564E+003    5.69219351616337E+005    1.15329519519580E+006
   5.04588123765507E-001    3.37724728778122E+000    1.60772751730621E+003    4.12071403999544E+004    9.28954817357256E-002    2.39782463169905E+003    5.69159345570135E+005    1.15314763049583E+006
   5.04905629961350E-001    3.37724728778122E+000    1.60814325008406E+003    4.12027864490237E+004    9.28616538415772E-002    2.39813463132582E+003    5.69099208131859E+005    1.15299974268122E+006
   5.05223229168645E-001    3.37724728778122E+000    1.60856053607359E+003    4.11984121152128E+004    9.28277078729304E-002    2.39844574884421E+003    5.69038789162113E+005    1.15285116253460E+006
   5.05540828100556E-001    3.37724728778122E+000    1.60897773179535E+003    4.11939783230892E+004    9.27936507819915E-002    2.39875675872263E+003    5.68977548945031E+005    1.15270056280622E+006
   5.05858331734020E-001    3.37724728778122E+000    1.60939387087273E+003    4.11895430599770E+004    9.27596689364099E-002    2.39906694073120E+003    5.68916288410427E+005    1.15254991311371E+006
   5.06175591084344E-001    3.37724728778122E+000    1.60980732153532E+003    4.11850971118888E+004    9.27258354570121E-002    2.39937507913606E+003    5.68854880293297E+005    1.15239890049160E+006
   5.06492612107222E-001    3.37724728778122E+000    1.61021920647738E+003    4.11806457726342E+004    9.26920973478878E-002    2.39968201129058E+003    5.68793397712547E+005    1.15224770475124E+006
   5.06809494479222E-001    3.37724728778122E+000    1.61063090673015E+003    4.11762050248707E+004    9.26584109533471E-002    2.39998876658982E+003    5.68732061423099E+005    1.15209686876516E+006
   5.07126394397187E-001    3.37724728778122E+000    1.61104412048895E+003    4.11717688114297E+004    9.26246649598519E-002    2.40029661017355E+003    5.68670787762408E+005    1.15194618679346E+006
   5.07443414419237E-001    3.37724728778122E+000    1.61145956519156E+003    4.11673803669477E+004    9.25909155264145E-002    2.40060607600998E+003    5.68610173893909E+005    1.15179712735887E+006
   5.07760459241871E-001    3.37724728778122E+000    1.61187545087701E+003    4.11629502537104E+004    9.25570644736064E-002    2.40091583038357E+003    5.68548984490168E+005    1.15164665258881E+006
   5.08077457799517E-001    3.37724728778122E+000    1.61229105455560E+003    4.11585476047358E+004    9.25233088065740E-002    2.40122533479941E+003    5.68488174427037E+005    1.15149711067948E+006
   5.08394292331318E-001    3.37724728778122E+000    1.61270400867367E+003    4.11540747847536E+004    9.24895647893816E-002    2.40153282655212E+003    5.68426395151183E+005    1.15134518531724E+006
   5.08710863646599E-001    3.37724728778122E+000    1.61311502011580E+003    4.11496050843326E+004    9.24559564027260E-002    2.40183883267074E+003    5.68364658963188E+005    1.15119336591511E+006
   5.09027246024498E-001    3.37724728778122E+000    1.61352475112892E+003    4.11451089289290E+004    9.24223790562049E-002    2.40214384668496E+003    5.68302557374913E+005    1.15104064793382E+006
   5.09343604131824E-001    3.37724728778122E+000    1.61393565375271E+003    4.11406175666998E+004    9.23887624540742E-002    2.40244969398477E+003    5.68240521990698E+005    1.15088809275916E+006
   5.09660036099891E-001    3.37724728778122E+000    1.61434764942874E+003    4.11360432707398E+004    9.23549142372534E-002    2.40275631578971E+003    5.68177341113069E+005    1.15073272062850E+006
   5.09976559007437E-001    3.37724728778122E+000    1.61476121889008E+003    4.11315074437555E+004    9.23210796593253E-002    2.40306406951329E+003    5.68114691574835E+005    1.15057865514847E+006
   5.10293051689317E-001    3.37724728778122E+000    1.61517454022726E+003    4.11269696783209E+004    9.22872722356745E-002    2.40337159922502E+003    5.68052015262429E+005    1.15042452382637E+006
   5.10609455464302E-001    3.37724728778122E+000    1.61558701124812E+003    4.11224557247586E+004    9.22535840842901E-002    2.40367845703865E+003    5.67989667843255E+005    1.15027120130662E+006
   5.10925626763826E-001    3.37724728778122E+000    1.61599687967821E+003    4.11179211305709E+004    9.22200153587610E-002    2.40398333985580E+003    5.67927035332596E+005    1.15011717770019E+006
   5.11241580967855E-001    3.37724728778122E+000    1.61640500285398E+003    4.11133173144494E+004    9.21864079790836E-002    2.40428688604122E+003    5.67863446717968E+005    1.14996080287744E+006
   5.11557402538222E-001    3.37724728778122E+000    1.61681305264723E+003    4.11087384232642E+004    9.21528776224855E-002    2.40459033933941E+003    5.67800202370383E+005    1.14980527466376E+006
   5.11873260369877E-001    3.37724728778122E+000    1.61722203268236E+003    4.11041140882663E+004    9.21192093533915E-002    2.40489444600684E+003    5.67736330345886E+005    1.14964820288970E+006
   5.12189213241164E-001    3.37724728778122E+000    1.61763325778228E+003    4.10995824748854E+004    9.20856380533186E-002    2.40520018327713E+003    5.67673739006589E+005    1.14949428053039E+006
   5.12505204156970E-001    3.37724728778122E+000    1.61804563139600E+003    4.10950993570448E+004    9.20521271064617E-002    2.40550673542161E+003    5.67611817495135E+005    1.14934200538751E+006
   5.12821169983066E-001    3.37724728778122E+000    1.61845753856618E+003    4.10906298870574E+004    9.20186903195057E-002    2.40581290182414E+003    5.67550084489923E+005    1.14919019381237E+006
   5.13136976715787E-001    3.37724728778122E+000    1.61886682369755E+003    4.10860322312665E+004    9.19851325464735E-002    2.40611708070498E+003    5.67486580962725E+005    1.14903402823355E+006
   5.13452579674634E-001    3.37724728778122E+000    1.61927410417815E+003    4.10814074835174E+004    9.19516449335515E-002    2.40641973157121E+003    5.67422703237246E+005    1.14887694243984E+006
   5.13767952075357E-001    3.37724728778122E+000    1.61968007837135E+003    4.10767927791336E+004    9.19182707691296E-002    2.40672137385674E+003    5.67358964232267E+005    1.14872019778257E+006
   5.14083275561771E-001    3.37724728778122E+000    1.62008655655498E+003    4.10721562367845E+004    9.18848358917503E-002    2.40702335273996E+003    5.67294923597962E+005    1.14856271136937E+006
   5.14398654952909E-001    3.37724728778122E+000    1.62049469937528E+003    4.10675741292563E+004    9.18514451828220E-002    2.40732653019360E+003    5.67231634825755E+005    1.14840707390826E+006
   5.14714120132068E-001    3.37724728778122E+000    1.62090427831902E+003    4.10630200284531E+004    9.18180525623097E-002    2.40763073605234E+003    5.67168732886731E+005    1.14825238773334E+006
   5.15029624849021E-001    3.37724728778122E+000    1.62131487640977E+003    4.10585447493189E+004    9.17847953208026E-002    2.40793566028507E+003    5.67106919644692E+005    1.14810037884269E+006
   5.15345040702537E-001    3.37724728778122E+000    1.62172422702791E+003    4.10540375700636E+004    9.17515542040269E-002    2.40823961966898E+003    5.67044665793285E+005    1.14794728642141E+006
   5.15660311807990E-001    3.37724728778122E+000    1.62213096903044E+003    4.10493900992044E+004    9.17181639015830E-002    2.40854160405638E+003    5.66980474212723E+005    1.14778942880662E+006
   5.15975329448784E-001    3.37724728778122E+000    1.62253553414638E+003    4.10447195041512E+004    9.16848616950859E-002    2.40884193466594E+003    5.66915963237243E+005    1.14763078574740E+006
   5.16290191030808E-001    3.37724728778122E+000    1.62293947524019E+003    4.10400266150172E+004    9.16515615441481E-002    2.40914176467655E+003    5.66851144332500E+005    1.14747138543966E+006
   5.16605026185226E-001    3.37724728778122E+000    1.62334456608680E+003    4.10353887251073E+004    9.16183358707536E-002    2.40944241063449E+003    5.66787085085477E+005    1.14731385325474E+006
   5.16919954913175E-001    3.37724728778122E+000    1.62375148821944E+003    4.10307873587417E+004    9.15851050092242E-002    2.40974437795244E+003    5.66723530307254E+005    1.14715756164125E+006
   5.17234960016730E-001    3.37724728778122E+000    1.62415982741453E+003    4.10262813507608E+004    9.15520237177707E-002    2.41004735880610E+003    5.66661292633669E+005    1.14700450900388E+006
   5.17549963778713E-001    3.37724728778122E+000    1.62456821863398E+003    4.10217698947359E+004    9.15189439711844E-002    2.41035034016902E+003    5.66598979710866E+005    1.14685127131636E+006
   5.17864878298634E-001    3.37724728778122E+000    1.62497524166220E+003    4.10172398261241E+004    9.14859163668663E-002    2.41065226859567E+003    5.66536409708156E+005    1.14669740142722E+006
   5.18179591909225E-001    3.37724728778122E+000    1.62537936724866E+003    4.10125903109310E+004    9.14528019795954E-002    2.41095201030063E+003    5.66472189890939E+005    1.14653947437387E+006
   5.18494085737320E-001    3.37724728778122E+000    1.62578166045379E+003    4.10078969639445E+004    9.14197093769791E-002    2.41125035591264E+003    5.66407364662267E+005    1.14638005851456E+006
   5.18808436808643E-001    3.37724728778122E+000    1.62618378941759E+003    4.10032280067999E+004    9.13866967367521E-002    2.41154854283392E+003    5.66342876309833E+005    1.14622147108912E+006
   5.19122825290196E-001    3.37724728778122E+000    1.62658697694526E+003    4.09985487203189E+004    9.13536179515572E-002    2.41184747769033E+003    5.66278245287019E+005    1.14606253281383E+006
   5.19437309793803E-001    3.37724728778122E+000    1.62699253412889E+003    4.09940199009126E+004    9.13207577454541E-002    2.41214813210407E+003    5.66215692538527E+005    1.14590870535564E+006
   5.19751848076627E-001    3.37724728778122E+000    1.62739900539669E+003    4.09895047545333E+004    9.12878930935475E-002    2.41244942656574E+003    5.66153328643982E+005    1.14575534232025E+006
   5.20066373052187E-001    3.37724728778122E+000    1.62780511614382E+003    4.09850117053168E+004    9.12551142658374E-002    2.41275041621918E+003    5.66091269958840E+005    1.14560272984479E+006
   5.20380762581827E-001    3.37724728778122E+000    1.62820850931288E+003    4.09803516358148E+004    9.12221322585865E-002    2.41304935456745E+003    5.66026904363890E+005    1.14544444430012E+006
   5.20694939830070E-001    3.37724728778122E+000    1.62861022748523E+003    4.09756990566617E+004    9.11892770458739E-002    2.41334701484464E+003    5.65962642226787E+005    1.14528641317524E+006
   5.21008917232814E-001    3.37724728778122E+000    1.62901072345826E+003    4.09710205392449E+004    9.11564487194692E-002    2.41364373297005E+003    5.65898021826407E+005    1.14512750102226E+006
   5.21322814016203E-001    3.37724728778122E+000    1.62941140051229E+003    4.09663670920329E+004    9.11236821691095E-002    2.41394054875723E+003    5.65833747699540E+005    1.14496944041259E+006
   5.21636750095173E-001    3.37724728778122E+000    1.62981358158331E+003    4.09617734154442E+004    9.10909805876486E-002    2.41423844200111E+003    5.65770299133696E+005    1.14481340999274E+006
   5.21950775012176E-001    3.37724728778122E+000    1.63021783342901E+003    4.09572925769647E+004    9.10584303428377E-002    2.41453783201923E+003    5.65708409105126E+005    1.14466121227143E+006
   5.22264836249768E-001    3.37724728778122E+000    1.63062308134080E+003    4.09528937053119E+004    9.10260228218123E-002    2.41483792247112E+003    5.65647651214944E+005    1.14451179866392E+006
   5.22578871613425E-001    3.37724728778122E+000    1.63102625339482E+003    4.09483201749398E+004    9.09933590971729E-002    2.41513643872649E+003    5.65584480911733E+005    1.14435645253749E+006
   5.22892793165363E-001    3.37724728778122E+000    1.63142784828765E+003    4.09437183761276E+004    9.09607366505557E-002    2.41543375054519E+003    5.65520920160490E+005    1.14420014623537E+006
   5.23206531946196E-001    3.37724728778122E+000    1.63182695136949E+003    4.09389997506729E+004    9.09280096295725E-002    2.41572918135593E+003    5.65455745781737E+005    1.14403987175879E+006
   5.23520051454050E-001    3.37724728778122E+000    1.63222401802605E+003    4.09342264720423E+004    9.08952906590174E-002    2.41602306888042E+003    5.65389816524931E+005    1.14387774091340E+006
   5.23833509982702E-001    3.37724728778122E+000    1.63262236642336E+003    4.09295300790358E+004    9.08626869534628E-002    2.41631786916326E+003    5.65324949224163E+005    1.14371822159191E+006
   5.24147006116157E-001    3.37724728778122E+000    1.63302198546194E+003    4.09248955252602E+004    9.08301657281921E-002    2.41661357365766E+003    5.65260936056340E+005    1.14356080272328E+006
   5.24460583342853E-001    3.37724728778122E+000    1.63342412340246E+003    4.09204380630590E+004    9.07979133432216E-002    2.41691110553213E+003    5.65199368904514E+005    1.14340939900879E+006
   5.24774199231291E-001    3.37724728778122E+000    1.63382649972445E+003    4.09159518375607E+004    9.07655997850754E-002    2.41720877712366E+003    5.65137404469615E+005    1.14325701831012E+006
   5.25087806886161E-001    3.37724728778122E+000    1.63422744418431E+003    4.09113792134089E+004    9.07331900223429E-002    2.41750535298900E+003    5.65074246683257E+005    1.14310170296468E+006
   5.25401290423672E-001    3.37724728778122E+000    1.63462600675690E+003    4.09066615993669E+004    9.07006068429378E-002    2.41780013093316E+003    5.65009086274290E+005    1.14294146284210E+006
   5.25714580686731E-001    3.37724728778122E+000    1.63502244700164E+003    4.09018850021917E+004    9.06680264906764E-002    2.41809330354956E+003    5.64943111181238E+005    1.14277921927787E+006
   5.26027682738605E-001    3.37724728778122E+000    1.63541831924418E+003    4.08971371703656E+004    9.06355571621289E-002    2.41838602065712E+003    5.64877533399602E+005    1.14261795276750E+006
   5.26340710528415E-001    3.37724728778122E+000    1.63581426719913E+003    4.08924326619423E+004    9.06031953448152E-002    2.41867875831236E+003    5.64812554007452E+005    1.14245815779494E+006
   5.26653764264530E-001    3.37724728778122E+000    1.63621100559950E+003    4.08877524146913E+004    9.05708591768618E-002    2.41897204483802E+003    5.64747909714335E+005    1.14229918688580E+006
   5.26966904740800E-001    3.37724728778122E+000    1.63660941213729E+003    4.08831680727127E+004    9.05386587927546E-002    2.41926652874489E+003    5.64684590079557E+005    1.14214347352858E+006
   5.27280096224656E-001    3.37724728778122E+000    1.63700897808239E+003    4.08786558318185E+004    9.05065696151640E-002    2.41956183363455E+003    5.64622266316019E+005    1.14199020918191E+006
   5.27593257559545E-001    3.37724728778122E+000    1.63740719117250E+003    4.08740148459957E+004    9.04742858744228E-002    2.41985610282306E+003    5.64558164307773E+005    1.14183257184013E+006
   5.27906329128032E-001    3.37724728778122E+000    1.63780466071357E+003    4.08693844324065E+004    9.04420822882621E-002    2.42014978686761E+003    5.64494208324839E+005    1.14167529359852E+006
   5.28219241176385E-001    3.37724728778122E+000    1.63819919530171E+003    4.08645950811774E+004    9.04097046677829E-002    2.42044126708080E+003    5.64428057070839E+005    1.14151261682564E+006
   5.28531968640804E-001    3.37724728778122E+000    1.63859181601327E+003    4.08597586710276E+004    9.03773441104254E-002    2.42073129848924E+003    5.64361255831803E+005    1.14134834163307E+006
   5.28844574596549E-001    3.37724728778122E+000    1.63898514236197E+003    4.08550477680999E+004    9.03452377022998E-002    2.42102181631765E+003    5.64296188117778E+005    1.14118832946254E+006
   5.29157188542599E-001    3.37724728778122E+000    1.63937987962200E+003    4.08504238535486E+004    9.03132612898580E-002    2.42131334122509E+003    5.64232321900553E+005    1.14103127196951E+006
   5.29469872969690E-001    3.37724728778122E+000    1.63977552311219E+003    4.08458044620575E+004    9.02812603754405E-002    2.42160550019360E+003    5.64168518156530E+005    1.14087436810833E+006
   5.29782641249630E-001    3.37724728778122E+000    1.64017187200378E+003    4.08412060067350E+004    9.02492823493131E-002    2.42189814472060E+003    5.64105003586080E+005    1.14071817537234E+006
   5.30095402128987E-001    3.37724728778122E+000    1.64056788934693E+003    4.08365484125473E+004    9.02172073556566E-002    2.42219050913613E+003    5.64040672180550E+005    1.14055997390505E+006
   5.30408068105695E-001    3.37724728778122E+000    1.64096288190761E+003    4.08318457018957E+004    9.01851045156211E-002    2.42248208184605E+003    5.63975717619498E+005    1.14040023999623E+006
   5.30720632821795E-001    3.37724728778122E+000    1.64135536522708E+003    4.08270030204833E+004    9.01528458703221E-002    2.42277176754653E+003    5.63908829760823E+005    1.14023575179176E+006
   5.31033009498139E-001    3.37724728778122E+000    1.64174530063221E+003    4.08220970788050E+004    9.01206028558353E-002    2.42305953837547E+003    5.63841068141649E+005    1.14006911486706E+006
   5.31345236805397E-001    3.37724728778122E+000    1.64213487377585E+003    4.08172432641951E+004    9.00885100784584E-002    2.42334700773182E+003    5.63774026509541E+005    1.13990424850853E+006
   5.31657437003660E-001    3.37724728778122E+000    1.64252643129397E+003    4.08125675940610E+004    9.00567168176172E-002    2.42363590701715E+003    5.63709445436266E+005    1.13974543306734E+006
   5.31969689979121E-001    3.37724728778122E+000    1.64291936631082E+003    4.08079959056202E+004    9.00250926207371E-002    2.42392578803490E+003    5.63646300574093E+005    1.13959014950459E+006
   5.32282020021578E-001    3.37724728778122E+000    1.64331267751368E+003    4.08033718905136E+004    8.99933475376351E-002    2.42421591186442E+003    5.63582432967983E+005    1.13943308859607E+006
   5.32594373350366E-001    3.37724728778122E+000    1.64370646247341E+003    4.07987530758510E+004    8.99616031845226E-002    2.42450635037821E+003    5.63518637191204E+005    1.13927620432764E+006
   5.32906692875324E-001    3.37724728778122E+000    1.64409961441120E+003    4.07940801338961E+004    8.99297893406204E-002    2.42479628729832E+003    5.63454093799959E+005    1.13911748155274E+006
   5.33218920331645E-001    3.37724728778122E+000    1.64448962267946E+003    4.07892032882573E+004    8.98977131654927E-002    2.42508387161371E+003    5.63386734059746E+005    1.13895183291426E+006
   5.33530976435116E-001    3.37724728778122E+000    1.64487824249541E+003    4.07843605066944E+004    8.98658031154212E-002    2.42537039819412E+003    5.63319844817777E+005    1.13878734130804E+006
   5.33842860539451E-001    3.37724728778122E+000    1.64526595060581E+003    4.07795674356910E+004    8.98340674287213E-002    2.42565621885415E+003    5.63253642185683E+005    1.13862453818802E+006
   5.34154673814212E-001    3.37724728778122E+000    1.64565433131818E+003    4.07748601720299E+004    8.98024989740752E-002    2.42594250159762E+003    5.63188624737765E+005    1.13846464963009E+006
   5.34466504483244E-001    3.37724728778122E+000    1.64604318069379E+003    4.07701633811194E+004    8.97709429165055E-002    2.42622909596052E+003    5.63123751941086E+005    1.13830511679325E+006
   5.34778393297610E-001    3.37724728778122E+000    1.64643398469195E+003    4.07655687266485E+004    8.97395200658903E-002    2.42651709683731E+003    5.63060289868580E+005    1.13814905315831E+006
   5.35090354971930E-001    3.37724728778122E+000    1.64682570511135E+003    4.07610121012869E+004    8.97081459041882E-002    2.42680573876695E+003    5.62997353059968E+005    1.13799428123335E+006
   5.35402323649888E-001    3.37724728778122E+000    1.64721664300922E+003    4.07564111491547E+004    8.96767317334407E-002    2.42709376986621E+003    5.62933804003200E+005    1.13783800368986E+006
   5.35714211553138E-001    3.37724728778122E+000    1.64760574690785E+003    4.07517031613205E+004    8.96451968011711E-002    2.42738041579344E+003    5.62868776552893E+005    1.13767809053441E+006
   5.36025985381226E-001    3.37724728778122E+000    1.64799265885041E+003    4.07468856859185E+004    8.96135551600687E-002    2.42766541338541E+003    5.62802236843500E+005    1.13751445848608E+006
   5.36337591365572E-001    3.37724728778122E+000    1.64837786831702E+003    4.07420539836790E+004    8.95819896135011E-002    2.42794912370815E+003    5.62735500630845E+005    1.13735034320403E+006
   5.36649054245640E-001    3.37724728778122E+000    1.64876197950071E+003    4.07372258789940E+004    8.95505063767679E-002    2.42823199212882E+003    5.62668814108165E+005    1.13718635011776E+006
   5.36960486305198E-001    3.37724728778122E+000    1.64914794745698E+003    4.07325584104640E+004    8.95192900519543E-002    2.42851619473285E+003    5.62604346316705E+005    1.13702781325512E+006
   5.37271978918335E-001    3.37724728778122E+000    1.64953467844497E+003    4.07278823592511E+004    8.94880280826311E-002    2.42880092583137E+003    5.62539759979910E+005    1.13686898487008E+006
   5.37583537019201E-001    3.37724728778122E+000    1.64992251104072E+003    4.07232460331572E+004    8.94568083049142E-002    2.42908643447160E+003    5.62475722332555E+005    1.13671150580228E+006
   5.37895103713264E-001    3.37724728778122E+000    1.65031106362421E+003    4.07186628008732E+004    8.94256807905790E-002    2.42937243949383E+003    5.62412418025048E+005    1.13655583013732E+006
   5.38206678542710E-001    3.37724728778122E+000    1.65069781920869E+003    4.07139244790702E+004    8.93943247225074E-002    2.42965708835092E+003    5.62346971597309E+005    1.13639488664771E+006
   5.38518160918595E-001    3.37724728778122E+000    1.65108226155442E+003    4.07090786629417E+004    8.93628725787376E-002    2.42994000163788E+003    5.62280040441454E+005    1.13623029196839E+006
   5.38829504367534E-001    3.37724728778122E+000    1.65146582455593E+003    4.07042717856789E+004    8.93315681011524E-002    2.43022223498816E+003    5.62213647115186E+005    1.13606701990015E+006
   5.39140693556442E-001    3.37724728778122E+000    1.65184706203853E+003    4.06993625681655E+004    8.93001793320237E-002    2.43050272469910E+003    5.62145840249676E+005    1.13590027170729E+006
   5.39451782849529E-001    3.37724728778122E+000    1.65222968648908E+003    4.06946783249374E+004    8.92692236225780E-002    2.43078420230801E+003    5.62081140763511E+005    1.13574116506940E+006
   5.39762865187023E-001    3.37724728778122E+000    1.65261299219679E+003    4.06900416496743E+004    8.92383497830719E-002    2.43106614840604E+003    5.62017098293377E+005    1.13558367414160E+006
   5.40074002919961E-001    3.37724728778122E+000    1.65299773967787E+003    4.06854589155136E+004    8.92075307256748E-002    2.43134912214152E+003    5.61953800866026E+005    1.13542801539607E+006
   5.40385196651848E-001    3.37724728778122E+000    1.65338200915937E+003    4.06807708970684E+004    8.91765209988226E-002    2.43163171144941E+003    5.61889049235984E+005    1.13526878052785E+006
   5.40696407788309E-001    3.37724728778122E+000    1.65376692065693E+003    4.06761544683841E+004    8.91456479709965E-002    2.43191473997250E+003    5.61825286414702E+005    1.13511197730239E+006
   5.41007601909216E-001    3.37724728778122E+000    1.65415092184818E+003    4.06714693998747E+004    8.91146879566841E-002    2.43219706632146E+003    5.61760575529625E+005    1.13495284263271E+006
   5.41318691237696E-001    3.37724728778122E+000    1.65453314425866E+003    4.06667216314929E+004    8.90837007378316E-002    2.43247805232965E+003    5.61694998624291E+005    1.13479157827732E+006
   5.41629673741697E-001    3.37724728778122E+000    1.65491403268980E+003    4.06619703968337E+004    8.90527920241857E-002    2.43275802539522E+003    5.61629373842202E+005    1.13463019618515E+006
   5.41940485769617E-001    3.37724728778122E+000    1.65529213214117E+003    4.06571192549185E+004    8.90218287722626E-002    2.43303591654978E+003    5.61562369125764E+005    1.13446542060830E+006
   5.42251216968135E-001    3.37724728778122E+000    1.65567122978128E+003    4.06523759646303E+004    8.89910621057015E-002    2.43331450947982E+003    5.61496854072546E+005    1.13430430835739E+006
   5.42561927621554E-001    3.37724728778122E+000    1.65605051551150E+003    4.06476501307656E+004    8.89603376259109E-002    2.43359320871783E+003    5.61431580130127E+005    1.13414378903745E+006
   5.42872683873062E-001    3.37724728778122E+000    1.65643186881972E+003    4.06430440148118E+004    8.89297781645805E-002    2.43387339503775E+003    5.61367959749861E+005    1.13398733609779E+006
   5.43183511644965E-001    3.37724728778122E+000    1.65681256692863E+003    4.06382990644266E+004    8.88989642175586E-002    2.43415306780422E+003    5.61302421767129E+005    1.13382616745945E+006
   5.43494344548109E-001    3.37724728778122E+000    1.65719359262512E+003    4.06335811926372E+004    8.88682060834662E-002    2.43443294905591E+003    5.61237257798116E+005    1.13366591858214E+006
   5.43805165112951E-001    3.37724728778122E+000    1.65757357310904E+003    4.06287887279532E+004    8.88373550061582E-002    2.43471203050857E+003    5.61171063540598E+005    1.13350313605657E+006
   5.44115928346905E-001    3.37724728778122E+000    1.65795238794213E+003    4.06240091074757E+004    8.88066085852719E-002    2.43499022399498E+003    5.61105046689230E+005    1.13334078980179E+006
   5.44426567953395E-001    3.37724728778122E+000    1.65832982700183E+003    4.06192248533925E+004    8.87759397339303E-002    2.43526737553633E+003    5.61038965837791E+005    1.13317828616035E+006
   5.44737081446425E-001    3.37724728778122E+000    1.65870562321955E+003    4.06144069390993E+004    8.87452991866315E-002    2.43554328941462E+003    5.60972420066365E+005    1.13301463920449E+006
   5.45047475384781E-001    3.37724728778122E+000    1.65908058893675E+003    4.06096198727044E+004    8.87147843182753E-002    2.43581856237971E+003    5.60906300370845E+005    1.13285204003909E+006
   5.45357838118554E-001    3.37724728778122E+000    1.65945670678066E+003    4.06049005120625E+004    8.86843695431546E-002    2.43609464990499E+003    5.60841115837573E+005    1.13269174059089E+006
   5.45668232154483E-001    3.37724728778122E+000    1.65983364485687E+003    4.06001934312830E+004    8.86539515563963E-002    2.43637130812948E+003    5.60776100915644E+005    1.13253185824478E+006
   5.45978702657655E-001    3.37724728778122E+000    1.66021086297584E+003    4.05954532259675E+004    8.86234601192569E-002    2.43664814044780E+003    5.60710628472542E+005    1.13237085077913E+006
   5.46289189326882E-001    3.37724728778122E+000    1.66058920076584E+003    4.05908154296959E+004    8.85931463171807E-002    2.43692576288073E+003    5.60646570518867E+005    1.13221332177476E+006
   5.46599700001385E-001    3.37724728778122E+000    1.66096613721984E+003    4.05860543307575E+004    8.85626519860913E-002    2.43720232557154E+003    5.60580809489839E+005    1.13205160462904E+006
   5.46910133694266E-001    3.37724728778122E+000    1.66134177895666E+003    4.05812925757733E+004    8.85322390561880E-002    2.43747790709515E+003    5.60515039399407E+005    1.13188986519983E+006
   5.47220481824433E-001    3.37724728778122E+000    1.66171582376220E+003    4.05764667535144E+004    8.85017851899658E-002    2.43775228610891E+003    5.60448384401947E+005    1.13172594963925E+006
   5.47530722482330E-001    3.37724728778122E+000    1.66208881076131E+003    4.05716782496773E+004    8.84714827140687E-002    2.43802585842500E+003    5.60382244852253E+005    1.13156330164919E+006
   5.47840809286036E-001    3.37724728778122E+000    1.66245978145193E+003    4.05667937222634E+004    8.84410917566101E-002    2.43829792140674E+003    5.60314779010185E+005    1.13139739208885E+006
   5.48150851406159E-001    3.37724728778122E+000    1.66283190812657E+003    4.05619913347132E+004    8.84108319330328E-002    2.43857080167044E+003    5.60248447696517E+005    1.13123427251975E+006
   5.48460905590581E-001    3.37724728778122E+000    1.66320494515395E+003    4.05572503314699E+004    8.83806710413164E-002    2.43884431885078E+003    5.60182964232313E+005    1.13107323795141E+006
   5.48771012174795E-001    3.37724728778122E+000    1.66357863533098E+003    4.05525078638670E+004    8.83504857977295E-002    2.43911828417949E+003    5.60117460542150E+005    1.13091215364412E+006
   5.49081151489192E-001    3.37724728778122E+000    1.66395217136350E+003    4.05477253523087E+004    8.83202350709850E-002    2.43939210574979E+003    5.60051403758731E+005    1.13074970918989E+006
   5.49391309510769E-001    3.37724728778122E+000    1.66432570049066E+003    4.05429514130888E+004    8.82900169572191E-002    2.43966589152595E+003    5.59985465377766E+005    1.13058755590669E+006
   5.49701480257239E-001    3.37724728778122E+000    1.66469889552981E+003    4.05381901909884E+004    8.82598578048632E-002    2.43993940174518E+003    5.59919702647607E+005    1.13042583457761E+006
   5.50011554437849E-001    3.37724728778122E+000    1.66507021551898E+003    4.05333656363311E+004    8.82296736709140E-002    2.44021150733688E+003    5.59853065158453E+005    1.13026196207282E+006
   5.50321522348787E-001    3.37724728778122E+000    1.66544034753313E+003    4.05285821723683E+004    8.81996553329432E-002    2.44048271217970E+003    5.59786995220277E+005    1.13009948526888E+006
   5.50631384283993E-001    3.37724728778122E+000    1.66580927989362E+003    4.05237452609927E+004    8.81695975429284E-002    2.44075300801809E+003    5.59720187058237E+005    1.12993519305150E+006
   5.50941146304463E-001    3.37724728778122E+000    1.66617728037356E+003    4.05189218260204E+004    8.81396316745876E-002    2.44102259130369E+003    5.59653565034345E+005    1.12977135857833E+006
   5.51250884576852E-001    3.37724728778122E+000    1.66654579319705E+003    4.05140905208136E+004    8.81096348366290E-002    2.44129252008155E+003    5.59586834305566E+005    1.12960725678202E+006
   5.51560619564258E-001    3.37724728778122E+000    1.66691453263297E+003    4.05092605221778E+004    8.80796421284668E-002    2.44156258497907E+003    5.59520121623347E+005    1.12944319936517E+006
   5.51870406319244E-001    3.37724728778122E+000    1.66728464482095E+003    4.05045135572516E+004    8.80497706923052E-002    2.44183362524474E+003    5.59454555815464E+005    1.12928196230023E+006
   5.52180254498524E-001    3.37724728778122E+000    1.66765516396717E+003    4.04997782672610E+004    8.80199164093464E-002    2.44210493340235E+003    5.59389151263585E+005    1.12912112179022E+006
   5.52490093699272E-001    3.37724728778122E+000    1.66802488564251E+003    4.04950143680338E+004    8.79900552929970E-002    2.44237562758088E+003    5.59323351556539E+005    1.12895930952891E+006
   5.52799895619661E-001    3.37724728778122E+000    1.66839367430674E+003    4.04902309598742E+004    8.79602142201913E-002    2.44264560876424E+003    5.59257282389125E+005    1.12879683462041E+006
   5.53109646407604E-001    3.37724728778122E+000    1.66876138009926E+003    4.04854430165769E+004    8.79304335456671E-002    2.44291476749768E+003    5.59191150581694E+005    1.12863420566984E+006
   5.53419290690951E-001    3.37724728778122E+000    1.66912776080380E+003    4.04806814385343E+004    8.79007930252051E-002    2.44318292678122E+003    5.59125382935206E+005    1.12847247225069E+006
   5.53728815375318E-001    3.37724728778122E+000    1.66949240965500E+003    4.04758299083042E+004    8.78710613859360E-002    2.44344978927538E+003    5.59058372855302E+005    1.12830768348420E+006
   5.54038262732553E-001    3.37724728778122E+000    1.66985616989827E+003    4.04709243144864E+004    8.78412721323376E-002    2.44371597241998E+003    5.58990616040832E+005    1.12814105837505E+006
   5.54347671829019E-001    3.37724728778122E+000    1.67022108099929E+003    4.04661061603826E+004    8.78116250929222E-002    2.44398296858104E+003    5.58924066957106E+005    1.12797740327370E+006
   5.54657098650131E-001    3.37724728778122E+000    1.67058701640572E+003    4.04613416321515E+004    8.77820535254360E-002    2.44425068491223E+003    5.58858258562162E+005    1.12781556964742E+006
   5.54966580762304E-001    3.37724728778122E+000    1.67095323454180E+003    4.04565723391055E+004    8.77524697270904E-002    2.44451857873340E+003    5.58792384354863E+005    1.12765357417778E+006
   5.55276116855944E-001    3.37724728778122E+000    1.67131986064932E+003    4.04518568691640E+004    8.77229941998047E-002    2.44478674158731E+003    5.58727253560542E+005    1.12749340688247E+006
   5.55585652498254E-001    3.37724728778122E+000    1.67168557443991E+003    4.04470947258473E+004    8.76934782671368E-002    2.44505420784021E+003    5.58661478106401E+005    1.12733165426303E+006
   5.55895154747445E-001    3.37724728778122E+000    1.67205068374012E+003    4.04423651019590E+004    8.76640774289349E-002    2.44532120281401E+003    5.58596151815595E+005    1.12717100620983E+006
   5.56204594054980E-001    3.37724728778122E+000    1.67241414948797E+003    4.04375877827964E+004    8.76346721869726E-002    2.44558696694811E+003    5.58530166750342E+005    1.12700873812232E+006
   5.56513934762441E-001    3.37724728778122E+000    1.67277688025478E+003    4.04328174467245E+004    8.76053333455155E-002    2.44585216487799E+003    5.58464278136609E+005    1.12684670722490E+006
   5.56823185919277E-001    3.37724728778122E+000    1.67313852651075E+003    4.04280167902666E+004    8.75759983103807E-002    2.44611654128280E+003    5.58397970733053E+005    1.12668364645468E+006
   5.57132343637698E-001    3.37724728778122E+000    1.67349915830040E+003    4.04231900035175E+004    8.75466724325052E-002    2.44638014762565E+003    5.58331302413907E+005    1.12651969813389E+006
   5.57441471752934E-001    3.37724728778122E+000    1.67385991764612E+003    4.04183817761935E+004    8.75173927083466E-002    2.44664381878997E+003    5.58264890440386E+005    1.12635638020900E+006
   5.57750617641807E-001    3.37724728778122E+000    1.67422098128288E+003    4.04135489581718E+004    8.74880564670466E-002    2.44690768390564E+003    5.58198138816377E+005    1.12619222702790E+006
   5.58059798378071E-001    3.37724728778122E+000    1.67458272374398E+003    4.04087473261223E+004    8.74587649207153E-002    2.44717201657437E+003    5.58131817937800E+005    1.12602913312040E+006
   5.58369015526827E-001    3.37724728778122E+000    1.67494464065718E+003    4.04039762263511E+004    8.74295429889405E-002    2.44743644814924E+003    5.58065918775736E+005    1.12586707628290E+006
   5.58678241608007E-001    3.37724728778122E+000    1.67530722953130E+003    4.03993139140958E+004    8.74005339794704E-002    2.44770134203991E+003    5.58001522203533E+005    1.12570871456009E+006
   5.58987433984088E-001    3.37724728778122E+000    1.67566809836723E+003    4.03945345502670E+004    8.73713740325035E-002    2.44796495087442E+003    5.57935508897036E+005    1.12554637702273E+006
   5.59296610462591E-001    3.37724728778122E+000    1.67602859918152E+003    4.03898140956712E+004    8.73423732114086E-002    2.44822826253486E+003    5.57870309253905E+005    1.12538604041691E+006
   5.59605706417153E-001    3.37724728778122E+000    1.67638775753719E+003    4.03850852648085E+004    8.73134366746034E-002    2.44849056549791E+003    5.57804993916490E+005    1.12522541929989E+006
   5.59914702430750E-001    3.37724728778122E+000    1.67674586361887E+003    4.03803579662204E+004    8.72845706233533E-002    2.44875207198335E+003    5.57739699743087E+005    1.12506485022865E+006
   5.60223608405095E-001    3.37724728778122E+000    1.67710216936071E+003    4.03754966672061E+004    8.72555209784834E-002    2.44901223605949E+003    5.57672554735238E+005    1.12489972965223E+006
   5.60532451116078E-001    3.37724728778122E+000    1.67745813997219E+003    4.03706276594613E+004    8.72264844450738E-002    2.44927212783731E+003    5.57605303253220E+005    1.12473434723838E+006
   5.60841307585010E-001    3.37724728778122E+000    1.67781488512326E+003    4.03657978996620E+004    8.71975047619004E-002    2.44953255743713E+003    5.57538593869847E+005    1.12457029793393E+006
   5.61150190654767E-001    3.37724728778122E+000    1.67817236496016E+003    4.03610167625833E+004    8.71686042498538E-002    2.44979349559821E+003    5.57472556070952E+005    1.12440790016575E+006
   5.61459111175320E-001    3.37724728778122E+000    1.67852972183149E+003    4.03562080377780E+004    8.71396628623240E-002    2.45005431622568E+003    5.57406137226143E+005    1.12424456534323E+006
   5.61768052237624E-001    3.37724728778122E+000    1.67888744884918E+003    4.03514792302814E+004    8.71108871156433E-002    2.45031537920246E+003    5.57340822211465E+005    1.12408394501988E+006
   5.62076986355191E-001    3.37724728778122E+000    1.67924458447214E+003    4.03467556429216E+004    8.70821655644160E-002    2.45057598284717E+003    5.57275579298116E+005    1.12392350200550E+006
   5.62385892070019E-001    3.37724728778122E+000    1.67960140775498E+003    4.03420871464177E+004    8.70535912956571E-002    2.45083633090143E+003    5.57211097308122E+005    1.12376493022634E+006
   5.62694746982510E-001    3.37724728778122E+000    1.67995679693538E+003    4.03373622734768E+004    8.70249818264069E-002    2.45109560510831E+003    5.57145836638131E+005    1.12360444354548E+006
   5.63003521875135E-001    3.37724728778122E+000    1.68031091784726E+003    4.03325937254308E+004    8.69963559163123E-002    2.45135392677355E+003    5.57079972720887E+005    1.12344247338077E+006
   5.63312207927937E-001    3.37724728778122E+000    1.68066359553953E+003    4.03277501284702E+004    8.69676549056998E-002    2.45161116859627E+003    5.57013072216518E+005    1.12327795407847E+006
   5.63620813525269E-001    3.37724728778122E+000    1.68101547252525E+003    4.03228888135756E+004    8.69389691479832E-002    2.45186779948943E+003    5.56945926989328E+005    1.12311283296266E+006
   5.63929382845465E-001    3.37724728778122E+000    1.68136748353285E+003    4.03180552030734E+004    8.69103481894700E-002    2.45212450125398E+003    5.56879164419457E+005    1.12294865286389E+006
   5.64237950553929E-001    3.37724728778122E+000    1.68172026949677E+003    4.03133023939198E+004    8.68818733168431E-002    2.45238174119152E+003    5.56813517890209E+005    1.12278721729189E+006
   5.64546547318788E-001    3.37724728778122E+000    1.68207376441531E+003    4.03086074052862E+004    8.68534983684255E-002    2.45263947101403E+003    5.56748669986855E+005    1.12262774567182E+006
   5.64855181414601E-001    3.37724728778122E+000    1.68242711119017E+003    4.03038936560325E+004    8.68251025737240E-002    2.45289706576331E+003    5.56683562958938E+005    1.12246763682198E+006
   5.65163836158478E-001    3.37724728778122E+000    1.68278070582846E+003    4.02992274750745E+004    8.67968083723585E-002    2.45315481413117E+003    5.56619112951618E+005    1.12230914369346E+006
   5.65472486504436E-001    3.37724728778122E+000    1.68313336819059E+003    4.02945339367443E+004    8.67685152094554E-002    2.45341185595673E+003    5.56554285080078E+005    1.12214972133490E+006
   5.65781109870591E-001    3.37724728778122E+000    1.68348539614228E+003    4.02898595290466E+004    8.67403077744025E-002    2.45366840853069E+003    5.56489721443768E+005    1.12199094877407E+006
   5.66089683840968E-001    3.37724728778122E+000    1.68383589266241E+003    4.02851194702019E+004    8.67120496860155E-002    2.45392381837354E+003    5.56424251023743E+005    1.12182994628350E+006
   5.66398183792063E-001    3.37724728778122E+000    1.68418537232568E+003    4.02803745029235E+004    8.66838451331059E-002    2.45417846075870E+003    5.56358712807678E+005    1.12166877707136E+006
   5.66706597433503E-001    3.37724728778122E+000    1.68453338980426E+003    4.02755560066494E+004    8.66555692980554E-002    2.45443201149491E+003    5.56292158997844E+005    1.12150511034773E+006
   5.67014935571144E-001    3.37724728778122E+000    1.68488059329822E+003    4.02707062613673E+004    8.66272797740569E-002    2.45468494309844E+003    5.56225173571916E+005    1.12134038220941E+006
   5.67323244798560E-001    3.37724728778122E+000    1.68522771900557E+003    4.02658432779612E+004    8.65989774331561E-002    2.45493779198509E+003    5.56158005298989E+005    1.12117520442035E+006
   5.67631556933233E-001    3.37724728778122E+000    1.68557527510507E+003    4.02610163120043E+004    8.65707420906121E-002    2.45519092828430E+003    5.56091334504596E+005    1.12101125001252E+006
   5.67939896075086E-001    3.37724728778122E+000    1.68592316230395E+003    4.02562219576785E+004    8.65425715017501E-002    2.45544427960026E+003    5.56025114147056E+005    1.12084840330272E+006
   5.68248277627317E-001    3.37724728778122E+000    1.68627164644435E+003    4.02514955016080E+004    8.65145278472924E-002    2.45569803943785E+003    5.55959831610636E+005    1.12068786284872E+006
   5.68556685393201E-001    3.37724728778122E+000    1.68662004260705E+003    4.02467919965002E+004    8.64865496121864E-002    2.45595170900201E+003    5.55894866076433E+005    1.12052810195512E+006
   5.68865097224741E-001    3.37724728778122E+000    1.68696792250452E+003    4.02421059832161E+004    8.64586469728929E-002    2.45620497652999E+003    5.55830142141983E+005    1.12036893519490E+006
   5.69173485298779E-001    3.37724728778122E+000    1.68731496393756E+003    4.02373995347462E+004    8.64307548933461E-002    2.45645760761119E+003    5.55765135953612E+005    1.12020907432603E+006
   5.69481832057202E-001    3.37724728778122E+000    1.68766074138041E+003    4.02326485156567E+004    8.64028432782459E-002    2.45670929272537E+003    5.55699514149004E+005    1.12004769955597E+006
   5.69790110273637E-001    3.37724728778122E+000    1.68800512493895E+003    4.02278612758023E+004    8.63749366518796E-002    2.45695993763018E+003    5.55633392057634E+005    1.11988509449879E+006
   5.70098304715508E-001    3.37724728778122E+000    1.68834828954899E+003    4.02230303092361E+004    8.63470098822904E-002    2.45720966994407E+003    5.55566666006212E+005    1.11972100420487E+006
   5.70406421643028E-001    3.37724728778122E+000    1.68869068738369E+003    4.02181667854619E+004    8.63190637807911E-002    2.45745881895666E+003    5.55499490269637E+005    1.11955580806148E+006
   5.70714491226355E-001    3.37724728778122E+000    1.68903281463786E+003    4.02132912919798E+004    8.62911171483441E-002    2.45770774585134E+003    5.55432149205621E+005    1.11939020535082E+006
   5.71022554306212E-001    3.37724728778122E+000    1.68937508677686E+003    4.02084277512768E+004    8.62632000806050E-002    2.45795675293634E+003    5.55364973235224E+005    1.11922500863242E+006
   5.71330632649024E-001    3.37724728778122E+000    1.68971806401910E+003    4.02036372830900E+004    8.62354150755874E-002    2.45820624769092E+003    5.55298806553631E+005    1.11906229392057E+006
   5.71638727990623E-001    3.37724728778122E+000    1.69006142295122E+003    4.01988977078307E+004    8.62077310197600E-002    2.45845599473921E+003    5.55233342812962E+005    1.11890130785563E+006
   5.71946862403050E-001    3.37724728778122E+000    1.69040508795700E+003    4.01942215833268E+004    8.61801786505824E-002    2.45870593901219E+003    5.55168755463862E+005    1.11874247698116E+006
   5.72255021475336E-001    3.37724728778122E+000    1.69074874656546E+003    4.01895890934156E+004    8.61527313457237E-002    2.45895585322720E+003    5.55104770802450E+005    1.11858512821448E+006
   5.72563160659943E-001    3.37724728778122E+000    1.69109072979420E+003    4.01848524995482E+004    8.61251574033888E-002    2.45920452386655E+003    5.55039348241223E+005    1.11842424341653E+006
   5.72871278400740E-001    3.37724728778122E+000    1.69143187796186E+003    4.01800939652070E+004    8.60975901037251E-002    2.45945256224664E+003    5.54973622634805E+005    1.11826261338081E+006
   5.73179334476133E-001    3.37724728778122E+000    1.69177156213614E+003    4.01752703478742E+004    8.60699689723641E-002    2.45969951135037E+003    5.54906998092123E+005    1.11809877271352E+006
   5.73487333492349E-001    3.37724728778122E+000    1.69211075494142E+003    4.01704694534690E+004    8.60424325873159E-002    2.45994607849373E+003    5.54840687402003E+005    1.11793570386111E+006
   5.73795261546991E-001    3.37724728778122E+000    1.69244869290692E+003    4.01656075763502E+004    8.60148404193354E-002    2.46019170889018E+003    5.54773534409285E+005    1.11777056364858E+006
   5.74103132527906E-001    3.37724728778122E+000    1.69278552331222E+003    4.01606825293392E+004    8.59871802762946E-002    2.46043650985453E+003    5.54705508904325E+005    1.11760327778550E+006
   5.74410970703915E-001    3.37724728778122E+000    1.69312221484532E+003    4.01557787926201E+004    8.59595838071491E-002    2.46068118555063E+003    5.54637777740385E+005    1.11743671575520E+006
   5.74718804143733E-001    3.37724728778122E+000    1.69345944374208E+003    4.01509480669972E+004    8.59321273039967E-002    2.46092622736707E+003    5.54571055016910E+005    1.11727263364525E+006
   5.75026642575255E-001    3.37724728778122E+000    1.69379736861023E+003    4.01461928566921E+004    8.59048080237469E-002    2.46117175042694E+003    5.54505375322588E+005    1.11711111651490E+006
   5.75334506713037E-001    3.37724728778122E+000    1.69413544142204E+003    4.01414748175233E+004    8.58775716656042E-002    2.46141735647025E+003    5.54440209041706E+005    1.11695086195232E+006
   5.75642397384990E-001    3.37724728778122E+000    1.69447419557939E+003    4.01368580550782E+004    8.58505282806203E-002    2.46166343292448E+003    5.54376441610469E+005    1.11679404739022E+006
   5.75950297342164E-001    3.37724728778122E+000    1.69481233347602E+003    4.01322413235159E+004    8.58235269791701E-002    2.46190903718792E+003    5.54312674605791E+005    1.11663723387711E+006
   5.76258211345390E-001    3.37724728778122E+000    1.69514971008835E+003    4.01276011090366E+004    8.57965247720158E-002    2.46215406408066E+003    5.54248583251459E+005    1.11647962273505E+006
   5.76566084506270E-001    3.37724728778122E+000    1.69548534039407E+003    4.01228609264195E+004    8.57694079525442E-002    2.46239779848832E+003    5.54183111121870E+005    1.11631861604038E+006
   5.76873903518955E-001    3.37724728778122E+000    1.69581968240235E+003    4.01180682387577E+004    8.57422547880692E-002    2.46264057335125E+003    5.54116913784550E+005    1.11615582594108E+006
   5.77181674319733E-001    3.37724728778122E+000    1.69615373374592E+003    4.01133170324687E+004    8.57152156555857E-002    2.46288311325463E+003    5.54051289394313E+005    1.11599444481253E+006
   5.77489381798849E-001    3.37724728778122E+000    1.69648657035755E+003    4.01085048728709E+004    8.56881183055502E-002    2.46312474744250E+003    5.53984823107624E+005    1.11583099332265E+006
   5.77797025502319E-001    3.37724728778122E+000    1.69681845928646E+003    4.01036582711075E+004    8.56610058600367E-002    2.46336567002646E+003    5.53917881100460E+005    1.11566637195818E+006
   5.78104638945752E-001    3.37724728778122E+000    1.69715042832898E+003    4.00988618774152E+004    8.56340071991794E-002    2.46360662719698E+003    5.53851632574876E+005    1.11550345597855E+006
   5.78412231390637E-001    3.37724728778122E+000    1.69748267888768E+003    4.00941271335070E+004    8.56071365327684E-002    2.46384776510894E+003    5.53786235565570E+005    1.11534263401697E+006
   5.78719831279288E-001    3.37724728778122E+000    1.69781579239397E+003    4.00894826876199E+004    8.55804256476920E-002    2.46408950563350E+003    5.53722085766385E+005    1.11518487914944E+006
   5.79027470145006E-001    3.37724728778122E+000    1.69814831791044E+003    4.00847966137630E+004    8.55536660179658E-002    2.46433079580277E+003    5.53657360995294E+005    1.11502571033177E+006
   5.79335133124537E-001    3.37724728778122E+000    1.69848094041349E+003    4.00801677827362E+004    8.55270341328140E-002    2.46457213271485E+003    5.53593426870956E+005    1.11486848584403E+006
   5.79642794098697E-001    3.37724728778122E+000    1.69881343149169E+003    4.00755590669938E+004    8.55004622066775E-002    2.46481335065458E+003    5.53529770582011E+005    1.11471194459905E+006
   5.79950473144108E-001    3.37724728778122E+000    1.69914484980864E+003    4.00708679143515E+004    8.54737788007629E-002    2.46505376682975E+003    5.53464975661958E+005    1.11455260327359E+006
   5.80258139658209E-001    3.37724728778122E+000    1.69947541741857E+003    4.00661503881280E+004    8.54470923286779E-002    2.46529354253311E+003    5.53399816465953E+005    1.11439236613389E+006
   5.80565756344297E-001    3.37724728778122E+000    1.69980469590946E+003    4.00613843714404E+004    8.54203776252511E-002    2.46553235999765E+003    5.53333987512220E+005    1.11423048195018E+006
   5.80873326682696E-001    3.37724728778122E+000    1.70013361461498E+003    4.00566730862396E+004    8.53938080190274E-002    2.46577089342654E+003    5.53268914518180E+005    1.11407045679523E+006
   5.81180846786067E-001    3.37724728778122E+000    1.70046200001025E+003    4.00519805689356E+004    8.53673154670540E-002    2.46600901707936E+003    5.53204100749209E+005    1.11391106911720E+006
   5.81488311045327E-001    3.37724728778122E+000    1.70078888209453E+003    4.00471873168992E+004    8.53406939112272E-002    2.46624602779526E+003    5.53137895616658E+005    1.11374825984815E+006
   5.81795717851101E-001    3.37724728778122E+000    1.70111491598683E+003    4.00423702832365E+004    8.53140744558557E-002    2.46648240083053E+003    5.53071362008637E+005    1.11358464280408E+006
   5.82103104202126E-001    3.37724728778122E+000    1.70144085668055E+003    4.00375718447069E+004    8.52875094850795E-002    2.46671868365657E+003    5.53005085239448E+005    1.11342165736880E+006
   5.82410505868322E-001    3.37724728778122E+000    1.70176722648382E+003    4.00328293469611E+004    8.52610523327926E-002    2.46695525487952E+003    5.52939581132946E+005    1.11326057203766E+006
   5.82717893632103E-001    3.37724728778122E+000    1.70209411676024E+003    4.00281846338421E+004    8.52347874828208E-002    2.46719218063239E+003    5.52875427642713E+005    1.11310280809324E+006
   5.83025303969955E-001    3.37724728778122E+000    1.70242098419471E+003    4.00235482657002E+004    8.52085516287344E-002    2.46742906708218E+003    5.52811389414585E+005    1.11294532759722E+006
   5.83332757958365E-001    3.37724728778122E+000    1.70274792623514E+003    4.00189425047202E+004    8.51823872640209E-002    2.46766598485222E+003    5.52747773937271E+005    1.11278888671472E+006
   5.83640220261310E-001    3.37724728778122E+000    1.70307418265542E+003    4.00143236069852E+004    8.51562392700570E-002    2.46790238311671E+003    5.52683977013083E+005    1.11263199962463E+006
   5.83947662806333E-001    3.37724728778122E+000    1.70339904545310E+003    4.00095972316582E+004    8.51299422568348E-002    2.46813774909541E+003    5.52618695591904E+005    1.11247146191319E+006
   5.84255107085541E-001    3.37724728778122E+000    1.70372315491712E+003    4.00048426917326E+004    8.51036329868560E-002    2.46837254691241E+003    5.52553025156968E+005    1.11230996755318E+006
   5.84562507278330E-001    3.37724728778122E+000    1.70404617568345E+003    4.00000667662722E+004    8.50773425944169E-002    2.46860653381335E+003    5.52487059341744E+005    1.11214774680465E+006
   5.84869865229482E-001    3.37724728778122E+000    1.70436886009759E+003    3.99953517383909E+004    8.50512084523002E-002    2.46884025492877E+003    5.52421934653226E+005    1.11198759452450E+006
   5.85177170873382E-001    3.37724728778122E+000    1.70469117162748E+003    3.99906632495445E+004    8.50251592278547E-002    2.46907368387763E+003    5.52357176525930E+005    1.11182834367847E+006
   5.85484420945317E-001    3.37724728778122E+000    1.70501163597395E+003    3.99858342164289E+004    8.49989131801548E-002    2.46930575315635E+003    5.52290477179625E+005    1.11166431905681E+006
   5.85791626342926E-001    3.37724728778122E+000    1.70533194637377E+003    3.99810489722818E+004    8.49727777333668E-002    2.46953768915971E+003    5.52224382653270E+005    1.11150178178651E+006
   5.86098822184354E-001    3.37724728778122E+000    1.70565242163996E+003    3.99763182038975E+004    8.49467596488904E-002    2.46976972274450E+003    5.52159040554510E+005    1.11134109485896E+006
   5.86405992066838E-001    3.37724728778122E+000    1.70597246820757E+003    3.99715746333943E+004    8.49207454811671E-002    2.47000142418514E+003    5.52093521630918E+005    1.11117997309018E+006
   5.86713193908130E-001    3.37724728778122E+000    1.70629315178840E+003    3.99669108527396E+004    8.48948788623632E-002    2.47023356500101E+003    5.52029104776957E+005    1.11102156149119E+006
   5.87020389762682E-001    3.37724728778122E+000    1.70661313686182E+003    3.99621976622819E+004    8.48689517678668E-002    2.47046517842956E+003    5.51964005467216E+005    1.11086147162162E+006
   5.87327620351471E-001    3.37724728778122E+000    1.70693324258905E+003    3.99575332172644E+004    8.48431318997487E-002    2.47069685746574E+003    5.51899579436973E+005    1.11070303745666E+006
   5.87634852244091E-001    3.37724728778122E+000    1.70725300537117E+003    3.99528924941784E+004    8.48173891117798E-002    2.47092826660493E+003    5.51835481057688E+005    1.11054540903908E+006
   5.87942087165496E-001    3.37724728778122E+000    1.70757231153616E+003    3.99482512947071E+004    8.47916776278349E-002    2.47115932367118E+003    5.51771376098496E+005    1.11038776444044E+006
   5.88249308973906E-001    3.37724728778122E+000    1.70789109131294E+003    3.99436055493482E+004    8.47659922365498E-002    2.47138997828239E+003    5.51707208350809E+005    1.11022996543461E+006
   5.88556529744119E-001    3.37724728778122E+000    1.70820900057250E+003    3.99389368752417E+004    8.47403109672473E-002    2.47161998158990E+003    5.51642723907739E+005    1.11007138762293E+006
   5.88863700154499E-001    3.37724728778122E+000    1.70852605675453E+003    3.99342588319269E+004    8.47146616782229E-002    2.47184934639111E+003    5.51578110055729E+005    1.10991249157346E+006
   5.89170858331079E-001    3.37724728778122E+000    1.70884219462813E+003    3.99295337027955E+004    8.46889675506199E-002    2.47207802568100E+003    5.51512845847195E+005    1.10975199619074E+006
   5.89477970732946E-001    3.37724728778122E+000    1.70915739982784E+003    3.99247822741978E+004    8.46632733583979E-002    2.47230600925990E+003    5.51447218386397E+005    1.10959060751118E+006
   5.89785032606419E-001    3.37724728778122E+000    1.70947184312144E+003    3.99200321545146E+004    8.46376291393811E-002    2.47253342081721E+003    5.51381609004527E+005    1.10942926329066E+006
   5.90092061157306E-001    3.37724728778122E+000    1.70978629346645E+003    3.99153358266203E+004    8.46121080310306E-002    2.47276081655925E+003    5.51316742603099E+005    1.10926974618080E+006
   5.90399050838351E-001    3.37724728778122E+000    1.71010010945989E+003    3.99106237313266E+004    8.45865942677006E-002    2.47298773272176E+003    5.51251658419930E+005    1.10910969350994E+006
   5.90706039275842E-001    3.37724728778122E+000    1.71041314723070E+003    3.99058629898622E+004    8.45610252592702E-002    2.47321406541980E+003    5.51185902328389E+005    1.10894798850631E+006
   5.91013023880516E-001    3.37724728778122E+000    1.71072647719125E+003    3.99011578488599E+004    8.45355689663026E-002    2.47344058863736E+003    5.51120914198959E+005    1.10878817204734E+006
   5.91320021904490E-001    3.37724728778122E+000    1.71103976787079E+003    3.98964697582248E+004    8.45101600534202E-002    2.47366706271684E+003    5.51056161571819E+005    1.10862893472709E+006
   5.91627021985051E-001    3.37724728778122E+000    1.71135272858727E+003    3.98917567714297E+004    8.44847240066115E-002    2.47389327757001E+003    5.50991065075097E+005    1.10846885177520E+006
   5.91934045797057E-001    3.37724728778122E+000    1.71166557539177E+003    3.98870973158804E+004    8.44594162324300E-002    2.47411938941301E+003    5.50926707960155E+005    1.10831058708425E+006
   5.92241082119135E-001    3.37724728778122E+000    1.71197857539291E+003    3.98825084513525E+004    8.44342595986142E-002    2.47434559130194E+003    5.50863325859231E+005    1.10815472011253E+006
   5.92548096199271E-001    3.37724728778122E+000    1.71229042272760E+003    3.98778606627800E+004    8.44090442598361E-002    2.47457093960749E+003    5.50799129890362E+005    1.10799685170618E+006
   5.92855117064035E-001    3.37724728778122E+000    1.71260221135901E+003    3.98732761709489E+004    8.43839749515615E-002    2.47479622497885E+003    5.50735808185798E+005    1.10784113325901E+006
   5.93162107034387E-001    3.37724728778122E+000    1.71291317621820E+003    3.98686594237558E+004    8.43588870896679E-002    2.47502089470189E+003    5.50672040965225E+005    1.10768431921498E+006
   5.93469085489124E-001    3.37724728778122E+000    1.71322259826267E+003    3.98639457413527E+004    8.43336792104466E-002    2.47524442951213E+003    5.50606934860659E+005    1.10752421263582E+006
   5.93776024718531E-001    3.37724728778122E+000    1.71353219640599E+003    3.98593453743642E+004    8.43087114504561E-002    2.47546807133848E+003    5.50543393885984E+005    1.10736795496752E+006
   5.94082915485078E-001    3.37724728778122E+000    1.71384086304840E+003    3.98547134564879E+004    8.42837317977061E-002    2.47569102017268E+003    5.50479417125606E+005    1.10721062563077E+006
   5.94389789679437E-001    3.37724728778122E+000    1.71414856020897E+003    3.98500272001189E+004    8.42586939028494E-002    2.47591324877212E+003    5.50414689833630E+005    1.10705145061384E+006
   5.94696610034133E-001    3.37724728778122E+000    1.71445574396236E+003    3.98453380092434E+004    8.42336840160382E-002    2.47613508667798E+003    5.50349922009801E+005    1.10689217592244E+006
   5.95003402206864E-001    3.37724728778122E+000    1.71476232019395E+003    3.98406294496680E+004    8.42086719856088E-002    2.47635646603791E+003    5.50284886662517E+005    1.10673224334703E+006
   5.95310192955138E-001    3.37724728778122E+000    1.71506936327375E+003    3.98360096832828E+004    8.41838336251682E-002    2.47657816267580E+003    5.50221077740398E+005    1.10657532675206E+006
   5.95616985203858E-001    3.37724728778122E+000    1.71537559124176E+003    3.98313250944291E+004    8.41589071849932E-002    2.47679925100739E+003    5.50156373480399E+005    1.10641620837454E+006
   5.95923779838025E-001    3.37724728778122E+000    1.71568216415475E+003    3.98267338953284E+004    8.41341700137641E-002    2.47702056861319E+003    5.50092959133997E+005    1.10626026210591E+006
   5.96230597689504E-001    3.37724728778122E+000    1.71598879643856E+003    3.98221620739276E+004    8.41094796995602E-002    2.47724190930096E+003    5.50029812435361E+005    1.10610497402699E+006
   5.96537425472773E-001    3.37724728778122E+000    1.71629451720428E+003    3.98175280302606E+004    8.40847114668712E-002    2.47746257232796E+003    5.49965806313236E+005    1.10594757248489E+006
   5.96844244161303E-001    3.37724728778122E+000    1.71659979920570E+003    3.98129204483787E+004    8.40600294130205E-002    2.47768289905381E+003    5.49902165685346E+005    1.10579106975301E+006
   5.97151085053628E-001    3.37724728778122E+000    1.71690513315622E+003    3.98083709180279E+004    8.40354761406739E-002    2.47790324367642E+003    5.49839326874112E+005    1.10563653881966E+006
   5.97457910323332E-001    3.37724728778122E+000    1.71720953659171E+003    3.98037697778258E+004    8.40108681943068E-002    2.47812289728902E+003    5.49775775219694E+005    1.10548025488812E+006
   5.97764707911144E-001    3.37724728778122E+000    1.71751276057778E+003    3.97991303387096E+004    8.39862458253087E-002    2.47834168047133E+003    5.49711694574796E+005    1.10532267008231E+006
   5.98071514721077E-001    3.37724728778122E+000    1.71781592665789E+003    3.97945447014661E+004    8.39617484946608E-002    2.47856040256662E+003    5.49648357049619E+005    1.10516691272966E+006
   5.98378292287221E-001    3.37724728778122E+000    1.71811838717141E+003    3.97899432768705E+004    8.39372609755412E-002    2.47877859639183E+003    5.49584801467114E+005    1.10501061913831E+006
   5.98685017132852E-001    3.37724728778122E+000    1.71841946991167E+003    3.97852825538449E+004    8.39127242864329E-002    2.47899577722308E+003    5.49520426845594E+005    1.10485231139582E+006
   5.98991735329467E-001    3.37724728778122E+000    1.71872083944388E+003    3.97807255315767E+004    8.38884008770817E-002    2.47921314587436E+003    5.49457484554847E+005    1.10469752598940E+006
   5.99298407365983E-001    3.37724728778122E+000    1.71902161857117E+003    3.97761641026424E+004    8.38641055086635E-002    2.47943006968410E+003    5.49394481398552E+005    1.10454259090462E+006
   5.99605041356656E-001    3.37724728778122E+000    1.71932131705581E+003    3.97715295061116E+004    8.38397170967128E-002    2.47964619525279E+003    5.49330467640188E+005    1.10438517058376E+006
   5.99911661450333E-001    3.37724728778122E+000    1.71962056318691E+003    3.97668920378314E+004    8.38153531809621E-002    2.47986197581653E+003    5.49266414216780E+005    1.10422765272005E+006
